mz_pasillo,mz_columna,mz_nivel,mz_subnivel,rcl_codigo,rcl_nivel,rcl_subnivel,estado_rcl
MZ01,1,1,1,RCL112-C001,1,1,asignado
MZ01,1,2,1,RCL112-C001,2,1,asignado
MZ01,1,3,1,RCL112-C001,3,1,asignado
MZ01,1,4,1,RCL112-C001,4,1,asignado
MZ01,1,5,1,RCL112-C001,5,1,asignado
MZ01,2,1,1,RCL111-C001,1,1,asignado
MZ01,2,2,1,RCL111-C001,2,1,asignado
MZ01,2,3,1,RCL111-C001,3,1,asignado
MZ01,2,4,1,RCL111-C001,4,1,asignado
MZ01,2,5,1,RCL111-C001,5,1,asignado
MZ01,3,1,1,RCL121-C001,1,1,asignado
MZ01,3,2,1,RCL121-C001,2,1,asignado
MZ01,3,3,1,RCL121-C001,3,1,asignado
MZ01,3,4,1,RCL121-C001,4,1,asignado
MZ01,3,5,1,RCL121-C001,5,1,asignado
MZ01,4,1,1,RCL122-C001,1,1,asignado
MZ01,4,2,1,RCL122-C001,2,1,asignado
MZ01,4,3,1,RCL122-C001,3,1,asignado
MZ01,4,4,1,RCL122-C001,4,1,asignado
MZ01,4,5,1,RCL122-C001,5,1,asignado
MZ01,5,1,1,RCL128-C001,1,1,asignado
MZ01,5,2,1,RCL128-C001,2,1,asignado
MZ01,5,3,1,RCL128-C001,3,1,asignado
MZ01,5,4,1,RCL128-C001,4,1,asignado
MZ01,5,5,1,RCL128-C001,5,1,asignado
MZ01,6,1,1,RCL123-C001,1,1,asignado
MZ01,6,2,1,RCL123-C001,2,1,asignado
MZ01,6,3,1,RCL123-C001,3,1,asignado
MZ01,6,4,1,RCL123-C001,4,1,asignado
MZ01,6,5,1,RCL123-C001,5,1,asignado
MZ01,7,1,1,RCL117-C002,1,1,asignado
MZ01,7,2,1,RCL117-C002,2,1,asignado
MZ01,7,3,1,RCL117-C002,3,1,asignado
MZ01,7,4,1,RCL117-C002,4,1,asignado
MZ01,7,5,1,RCL117-C002,5,1,asignado
MZ01,8,1,1,RCL117-C001,1,1,asignado
MZ01,8,2,1,RCL117-C001,2,1,asignado
MZ01,8,3,1,RCL117-C001,3,1,asignado
MZ01,8,4,1,RCL117-C001,4,1,asignado
MZ01,8,5,1,RCL117-C001,5,1,asignado
MZ01,9,1,1,RCL119-C002,1,1,asignado
MZ01,9,2,1,RCL119-C002,2,1,asignado
MZ01,9,3,1,RCL119-C002,3,1,asignado
MZ01,9,4,1,RCL119-C002,4,1,asignado
MZ01,9,5,1,RCL119-C002,5,1,asignado
MZ01,10,1,1,RCL135-C001,1,1,asignado
MZ01,10,2,1,RCL135-C001,2,1,asignado
MZ01,10,3,1,RCL135-C001,3,1,asignado
MZ01,10,4,1,RCL135-C001,4,1,asignado
MZ01,10,5,1,RCL135-C001,5,1,asignado
MZ01,11,1,1,RCL136-C001,1,1,asignado
MZ01,11,2,1,RCL136-C001,2,1,asignado
MZ01,11,3,1,RCL136-C001,3,1,asignado
MZ01,11,4,1,RCL136-C001,4,1,asignado
MZ01,11,5,1,RCL136-C001,5,1,asignado
MZ01,12,1,1,RCL142-C001,1,1,asignado
MZ01,12,2,1,RCL142-C001,2,1,asignado
MZ01,12,3,1,RCL142-C001,3,1,asignado
MZ01,12,4,1,RCL142-C001,4,1,asignado
MZ01,12,5,1,RCL142-C001,5,1,asignado
MZ01,13,1,1,RCL143-C001,1,1,asignado
MZ01,13,2,1,RCL143-C001,2,1,asignado
MZ01,13,3,1,RCL143-C001,3,1,asignado
MZ01,13,4,1,RCL143-C001,4,1,asignado
MZ01,13,5,1,RCL143-C001,5,1,asignado
MZ01,14,1,1,RCL148-C004,1,1,asignado
MZ01,14,2,1,RCL148-C004,2,1,asignado
MZ01,14,3,1,RCL148-C004,3,1,asignado
MZ01,14,4,1,RCL148-C004,4,1,asignado
MZ01,14,5,1,RCL148-C004,5,1,asignado
MZ01,15,1,1,RCL144-C001,1,1,asignado
MZ01,15,2,1,RCL144-C001,2,1,asignado
MZ01,15,3,1,RCL144-C001,3,1,asignado
MZ01,15,4,1,RCL144-C001,4,1,asignado
MZ01,15,5,1,RCL144-C001,5,1,asignado
MZ01,16,1,1,RCL145-C001,1,1,asignado
MZ01,16,2,1,RCL145-C001,2,1,asignado
MZ01,16,3,1,RCL145-C001,3,1,asignado
MZ01,16,4,1,RCL145-C001,4,1,asignado
MZ01,16,5,1,RCL145-C001,5,1,asignado
MZ01,17,1,1,RCL157-C001,1,1,asignado
MZ01,17,2,1,RCL157-C001,2,1,asignado
MZ01,17,3,1,RCL157-C001,3,1,asignado
MZ01,17,4,1,RCL157-C001,4,1,asignado
MZ01,17,5,1,RCL157-C001,5,1,asignado
MZ01,18,1,1,RCL158-C001,1,1,asignado
MZ01,18,2,1,RCL158-C001,2,1,asignado
MZ01,18,3,1,RCL158-C001,3,1,asignado
MZ01,18,4,1,RCL158-C001,4,1,asignado
MZ01,18,5,1,RCL158-C001,5,1,asignado
MZ01,19,1,1,RCL165-C001,1,1,asignado
MZ01,19,2,1,RCL165-C001,2,1,asignado
MZ01,19,3,1,RCL165-C001,3,1,asignado
MZ01,19,4,1,RCL165-C001,4,1,asignado
MZ01,19,5,1,RCL165-C001,5,1,asignado
MZ01,20,1,1,RCL166-C001,1,1,asignado
MZ01,20,2,1,RCL166-C001,2,1,asignado
MZ01,20,3,1,RCL166-C001,3,1,asignado
MZ01,20,4,1,RCL166-C001,4,1,asignado
MZ01,20,5,1,RCL166-C001,5,1,asignado
MZ01,21,1,1,RCL176-C001,1,1,asignado
MZ01,21,2,1,RCL176-C001,2,1,asignado
MZ01,21,3,1,RCL176-C001,3,1,asignado
MZ01,21,4,1,RCL176-C001,4,1,asignado
MZ01,21,5,1,RCL176-C001,5,1,asignado
MZ01,22,1,1,RCL177-C001,1,1,asignado
MZ01,22,2,1,RCL177-C001,2,1,asignado
MZ01,22,3,1,RCL177-C001,3,1,asignado
MZ01,22,4,1,RCL177-C001,4,1,asignado
MZ01,22,5,1,RCL177-C001,5,1,asignado
MZ01,23,1,1,RCL178-C001,1,1,asignado
MZ01,23,2,1,RCL178-C001,2,1,asignado
MZ01,23,3,1,RCL178-C001,3,1,asignado
MZ01,23,4,1,RCL178-C001,4,1,asignado
MZ01,23,5,1,RCL178-C001,5,1,asignado
MZ01,24,1,1,RCL185-C001,1,1,asignado
MZ01,24,2,1,RCL185-C001,2,1,asignado
MZ01,24,3,1,RCL185-C001,3,1,asignado
MZ01,24,4,1,RCL185-C001,4,1,asignado
MZ01,24,5,1,RCL185-C001,5,1,asignado
MZ01,25,1,1,RCL193-C001,1,1,asignado
MZ01,25,2,1,RCL193-C001,2,1,asignado
MZ01,25,3,1,RCL193-C001,3,1,asignado
MZ01,25,4,1,RCL193-C001,4,1,asignado
MZ01,25,5,1,RCL193-C001,5,1,asignado
MZ01,26,1,1,RCL179-C001,1,1,asignado
MZ01,26,2,1,RCL179-C001,2,1,asignado
MZ01,26,3,1,RCL179-C001,3,1,asignado
MZ01,26,4,1,RCL179-C001,4,1,asignado
MZ01,26,5,1,RCL179-C001,5,1,asignado
MZ01,27,1,1,RCL184-C001,1,1,asignado
MZ01,27,2,1,RCL184-C001,2,1,asignado
MZ01,27,3,1,RCL184-C001,3,1,asignado
MZ01,27,4,1,RCL184-C001,4,1,asignado
MZ01,27,5,1,RCL184-C001,5,1,asignado
MZ02,1,1,1,RCL100-C001,1,1,asignado
MZ02,1,2,1,RCL100-C001,2,1,asignado
MZ02,1,3,1,RCL100-C001,3,1,asignado
MZ02,1,4,1,RCL100-C001,4,1,asignado
MZ02,1,5,1,RCL100-C001,5,1,asignado
MZ02,2,1,1,RCL100-C002,1,1,asignado
MZ02,2,2,1,RCL100-C002,2,1,asignado
MZ02,2,3,1,RCL100-C002,3,1,asignado
MZ02,2,4,1,RCL100-C002,4,1,asignado
MZ02,2,5,1,RCL100-C002,5,1,asignado
MZ02,3,1,1,RCL100-C003,1,1,asignado
MZ02,3,2,1,RCL100-C003,2,1,asignado
MZ02,3,3,1,RCL100-C003,3,1,asignado
MZ02,3,4,1,RCL100-C003,4,1,asignado
MZ02,3,5,1,RCL100-C003,5,1,asignado
MZ02,4,1,1,RCL88-C001,1,1,asignado
MZ02,4,2,1,RCL88-C001,2,1,asignado
MZ02,4,3,1,RCL88-C001,3,1,asignado
MZ02,4,4,1,RCL88-C001,4,1,asignado
MZ02,4,5,1,RCL88-C001,5,1,asignado
MZ02,5,1,1,RCL89-C001,1,1,asignado
MZ02,5,2,1,RCL89-C001,2,1,asignado
MZ02,5,3,1,RCL89-C001,3,1,asignado
MZ02,5,4,1,RCL89-C001,4,1,asignado
MZ02,5,5,1,RCL89-C001,5,1,asignado
MZ02,6,1,1,RCL113-C002,1,1,asignado
MZ02,6,2,1,RCL113-C002,2,1,asignado
MZ02,6,3,1,RCL113-C002,3,1,asignado
MZ02,6,4,1,RCL113-C002,4,1,asignado
MZ02,6,5,1,RCL113-C002,5,1,asignado
MZ02,7,1,1,RCL113-C003,1,1,asignado
MZ02,7,2,1,RCL113-C003,2,1,asignado
MZ02,7,3,1,RCL113-C003,3,1,asignado
MZ02,7,4,1,RCL113-C003,4,1,asignado
MZ02,7,5,1,RCL113-C003,5,1,asignado
MZ02,8,1,1,RCL113-C004,1,1,asignado
MZ02,8,2,1,RCL113-C004,2,1,asignado
MZ02,8,3,1,RCL113-C004,3,1,asignado
MZ02,8,4,1,RCL113-C004,4,1,asignado
MZ02,8,5,1,RCL113-C004,5,1,asignado
MZ02,9,1,1,RCL118-C001,1,1,asignado
MZ02,9,2,1,RCL118-C001,2,1,asignado
MZ02,9,3,1,RCL118-C001,3,1,asignado
MZ02,9,4,1,RCL118-C001,4,1,asignado
MZ02,9,5,1,RCL118-C001,5,1,asignado
MZ02,10,1,1,RCL124-C003,1,1,asignado
MZ02,10,2,1,RCL124-C003,2,1,asignado
MZ02,10,3,1,RCL124-C003,3,1,asignado
MZ02,10,4,1,RCL124-C003,4,1,asignado
MZ02,10,5,1,RCL124-C003,5,1,asignado
MZ02,11,1,1,RCL124-C004,1,1,asignado
MZ02,11,2,1,RCL124-C004,2,1,asignado
MZ02,11,3,1,RCL124-C004,3,1,asignado
MZ02,11,4,1,RCL124-C004,4,1,asignado
MZ02,11,5,1,RCL124-C004,5,1,asignado
MZ02,12,1,1,RCL133-C003,1,1,asignado
MZ02,12,2,1,RCL133-C003,2,1,asignado
MZ02,12,3,1,RCL133-C003,3,1,asignado
MZ02,12,4,1,RCL133-C003,4,1,asignado
MZ02,12,5,1,RCL133-C003,5,1,asignado
MZ02,13,1,1,RCL130-C001,1,1,asignado
MZ02,13,2,1,RCL130-C001,2,1,asignado
MZ02,13,3,1,RCL130-C001,3,1,asignado
MZ02,13,4,1,RCL130-C001,4,1,asignado
MZ02,13,5,1,RCL130-C001,5,1,asignado
MZ02,14,1,1,RCL138-C002,1,1,asignado
MZ02,14,2,1,RCL138-C002,2,1,asignado
MZ02,14,3,1,RCL138-C002,3,1,asignado
MZ02,14,4,1,RCL138-C002,4,1,asignado
MZ02,14,5,1,RCL138-C002,5,1,asignado
MZ02,15,1,1,RCL134-C001,1,1,asignado
MZ02,15,2,1,RCL134-C001,2,1,asignado
MZ02,15,3,1,RCL134-C001,3,1,asignado
MZ02,15,4,1,RCL134-C001,4,1,asignado
MZ02,15,5,1,RCL134-C001,5,1,asignado
MZ02,16,1,1,RCL139-C002,1,1,asignado
MZ02,16,2,1,RCL139-C002,2,1,asignado
MZ02,16,3,1,RCL139-C002,3,1,asignado
MZ02,16,4,1,RCL139-C002,4,1,asignado
MZ02,16,5,1,RCL139-C002,5,1,asignado
MZ02,17,1,1,RCL148-C001,1,1,asignado
MZ02,17,2,1,RCL148-C001,2,1,asignado
MZ02,17,3,1,RCL148-C001,3,1,asignado
MZ02,17,4,1,RCL148-C001,4,1,asignado
MZ02,17,5,1,RCL148-C001,5,1,asignado
MZ02,18,1,1,RCL146-C002,1,1,asignado
MZ02,18,2,1,RCL146-C002,2,1,asignado
MZ02,18,3,1,RCL146-C002,3,1,asignado
MZ02,18,4,1,RCL146-C002,4,1,asignado
MZ02,18,5,1,RCL146-C002,5,1,asignado
MZ02,19,1,1,null,null,null,sin_rcl
MZ02,19,2,1,null,null,null,sin_rcl
MZ02,19,3,1,null,null,null,sin_rcl
MZ02,19,4,1,null,null,null,sin_rcl
MZ02,19,5,1,null,null,null,sin_rcl
MZ02,20,1,1,RCL152-C003,1,1,asignado
MZ02,20,2,1,RCL152-C003,2,1,asignado
MZ02,20,3,1,RCL152-C003,3,1,asignado
MZ02,20,4,1,RCL152-C003,4,1,asignado
MZ02,20,5,1,RCL152-C003,5,1,asignado
MZ02,21,1,1,RCL152-C004,1,1,asignado
MZ02,21,2,1,RCL152-C004,2,1,asignado
MZ02,21,3,1,RCL152-C004,3,1,asignado
MZ02,21,4,1,RCL152-C004,4,1,asignado
MZ02,21,5,1,RCL152-C004,5,1,asignado
MZ02,22,1,1,RCL161-C001,1,1,asignado
MZ02,22,2,1,RCL161-C001,2,1,asignado
MZ02,22,3,1,RCL161-C001,3,1,asignado
MZ02,22,4,1,RCL161-C001,4,1,asignado
MZ02,22,5,1,RCL161-C001,5,1,asignado
MZ02,23,1,1,RCL159-C001,1,1,asignado
MZ02,23,2,1,RCL159-C001,2,1,asignado
MZ02,23,3,1,RCL159-C001,3,1,asignado
MZ02,23,4,1,RCL159-C001,4,1,asignado
MZ02,23,5,1,RCL159-C001,5,1,asignado
MZ02,24,1,1,RCL167-C001,1,1,asignado
MZ02,24,2,1,RCL167-C001,2,1,asignado
MZ02,24,3,1,RCL167-C001,3,1,asignado
MZ02,24,4,1,RCL167-C001,4,1,asignado
MZ02,24,5,1,RCL167-C001,5,1,asignado
MZ02,25,1,1,RCL167-C002,1,1,asignado
MZ02,25,2,1,RCL167-C002,2,1,asignado
MZ02,25,3,1,RCL167-C002,3,1,asignado
MZ02,25,4,1,RCL167-C002,4,1,asignado
MZ02,25,5,1,RCL167-C002,5,1,asignado
MZ02,26,1,1,RCL167-C003,1,1,asignado
MZ02,26,2,1,RCL167-C003,2,1,asignado
MZ02,26,3,1,RCL167-C003,3,1,asignado
MZ02,26,4,1,RCL167-C003,4,1,asignado
MZ02,26,5,1,RCL167-C003,5,1,asignado
MZ02,27,1,1,null,null,null,sin_rcl
MZ02,27,2,1,null,null,null,sin_rcl
MZ02,27,3,1,null,null,null,sin_rcl
MZ02,27,4,1,null,null,null,sin_rcl
MZ02,27,5,1,null,null,null,sin_rcl
MZ02,28,1,1,RCL194-C002,1,1,asignado
MZ02,28,2,1,RCL194-C002,2,1,asignado
MZ02,28,3,1,RCL194-C002,3,1,asignado
MZ02,28,4,1,RCL194-C002,4,1,asignado
MZ02,28,5,1,RCL194-C002,5,1,asignado
MZ02,29,1,1,RCL194-C001,1,1,asignado
MZ02,29,2,1,RCL194-C001,2,1,asignado
MZ02,29,3,1,RCL194-C001,3,1,asignado
MZ02,29,4,1,RCL194-C001,4,1,asignado
MZ02,29,5,1,RCL194-C001,5,1,asignado
MZ02,30,1,1,RCL175-C002,1,1,asignado
MZ02,30,2,1,RCL175-C002,2,1,asignado
MZ02,30,3,1,RCL175-C002,3,1,asignado
MZ02,30,4,1,RCL175-C002,4,1,asignado
MZ02,30,5,1,RCL175-C002,5,1,asignado
MZ02,31,1,1,RCL175-C001,1,1,asignado
MZ02,31,2,1,RCL175-C001,2,1,asignado
MZ02,31,3,1,RCL175-C001,3,1,asignado
MZ02,31,4,1,RCL175-C001,4,1,asignado
MZ02,31,5,1,RCL175-C001,5,1,asignado
MZ02,32,1,1,RCL189-C002,1,1,asignado
MZ02,32,2,1,RCL189-C002,2,1,asignado
MZ02,32,3,1,RCL189-C002,3,1,asignado
MZ02,32,4,1,RCL189-C002,4,1,asignado
MZ02,32,5,1,RCL189-C002,5,1,asignado
MZ02,33,1,1,RCL189-C001,1,1,asignado
MZ02,33,2,1,RCL189-C001,2,1,asignado
MZ02,33,3,1,RCL189-C001,3,1,asignado
MZ02,33,4,1,RCL189-C001,4,1,asignado
MZ02,33,5,1,RCL189-C001,5,1,asignado
MZ02,34,1,1,RCL199-C001,1,1,asignado
MZ02,34,2,1,RCL199-C001,2,1,asignado
MZ02,34,3,1,RCL199-C001,3,1,asignado
MZ02,34,4,1,RCL199-C001,4,1,asignado
MZ02,34,5,1,RCL199-C001,5,1,asignado
MZ02,35,1,1,RCL196-C001,1,1,asignado
MZ02,35,2,1,RCL196-C001,2,1,asignado
MZ02,35,3,1,RCL196-C001,3,1,asignado
MZ02,35,4,1,RCL196-C001,4,1,asignado
MZ02,35,5,1,RCL196-C001,5,1,asignado
MZ02,36,1,1,RCL196-C002,1,1,asignado
MZ02,36,2,1,RCL196-C002,2,1,asignado
MZ02,36,3,1,RCL196-C002,3,1,asignado
MZ02,36,4,1,RCL196-C002,4,1,asignado
MZ02,36,5,1,RCL196-C002,5,1,asignado
MZ03,1,1,1,RCL96-C001,1,1,asignado
MZ03,1,2,1,RCL96-C001,2,1,asignado
MZ03,1,3,1,RCL96-C001,3,1,asignado
MZ03,1,4,1,RCL96-C001,4,1,asignado
MZ03,1,5,1,RCL96-C001,5,1,asignado
MZ03,2,1,1,RCL96-C002,1,1,asignado
MZ03,2,2,1,RCL96-C002,2,1,asignado
MZ03,2,3,1,RCL96-C002,3,1,asignado
MZ03,2,4,1,RCL96-C002,4,1,asignado
MZ03,2,5,1,RCL96-C002,5,1,asignado
MZ03,3,1,1,RCL96-C003,1,1,asignado
MZ03,3,2,1,RCL96-C003,2,1,asignado
MZ03,3,3,1,RCL96-C003,3,1,asignado
MZ03,3,4,1,RCL96-C003,4,1,asignado
MZ03,3,5,1,RCL96-C003,5,1,asignado
MZ03,4,1,1,RCL107-C001,1,1,asignado
MZ03,4,2,1,RCL107-C001,2,1,asignado
MZ03,4,3,1,RCL107-C001,3,1,asignado
MZ03,4,4,1,RCL107-C001,4,1,asignado
MZ03,4,5,1,RCL107-C001,5,1,asignado
MZ03,5,1,1,RCL107-C002,1,1,asignado
MZ03,5,2,1,RCL107-C002,2,1,asignado
MZ03,5,3,1,RCL107-C002,3,1,asignado
MZ03,5,4,1,RCL107-C002,4,1,asignado
MZ03,5,5,1,RCL107-C002,5,1,asignado
MZ03,6,1,1,RCL107-C003,1,1,asignado
MZ03,6,2,1,RCL107-C003,2,1,asignado
MZ03,6,3,1,RCL107-C003,3,1,asignado
MZ03,6,4,1,RCL107-C003,4,1,asignado
MZ03,6,5,1,RCL107-C003,5,1,asignado
MZ03,7,1,1,RCL107-C004,1,1,asignado
MZ03,7,2,1,RCL107-C004,2,1,asignado
MZ03,7,3,1,RCL107-C004,3,1,asignado
MZ03,7,4,1,RCL107-C004,4,1,asignado
MZ03,7,5,1,RCL107-C004,5,1,asignado
MZ03,8,1,1,RCL115-C002,1,1,asignado
MZ03,8,2,1,RCL115-C002,2,1,asignado
MZ03,8,3,1,RCL115-C002,3,1,asignado
MZ03,8,4,1,RCL115-C002,4,1,asignado
MZ03,8,5,1,RCL115-C002,5,1,asignado
MZ03,9,1,1,RCL116-C002,1,1,asignado
MZ03,9,2,1,RCL116-C002,2,1,asignado
MZ03,9,3,1,RCL116-C002,3,1,asignado
MZ03,9,4,1,RCL116-C002,4,1,asignado
MZ03,9,5,1,RCL116-C002,5,1,asignado
MZ03,10,1,1,RCL120-C003,1,1,asignado
MZ03,10,2,1,RCL120-C003,2,1,asignado
MZ03,10,3,1,RCL120-C003,3,1,asignado
MZ03,10,4,1,RCL120-C003,4,1,asignado
MZ03,10,5,1,RCL120-C003,5,1,asignado
MZ03,11,1,1,RCL120-C004,1,1,asignado
MZ03,11,2,1,RCL120-C004,2,1,asignado
MZ03,11,3,1,RCL120-C004,3,1,asignado
MZ03,11,4,1,RCL120-C004,4,1,asignado
MZ03,11,5,1,RCL120-C004,5,1,asignado
MZ03,12,1,1,RCL132-C003,1,1,asignado
MZ03,12,2,1,RCL132-C003,2,1,asignado
MZ03,12,3,1,RCL132-C003,3,1,asignado
MZ03,12,4,1,RCL132-C003,4,1,asignado
MZ03,12,5,1,RCL132-C003,5,1,asignado
MZ03,13,1,1,RCL129-C001,1,1,asignado
MZ03,13,2,1,RCL129-C001,2,1,asignado
MZ03,13,3,1,RCL129-C001,3,1,asignado
MZ03,13,4,1,RCL129-C001,4,1,asignado
MZ03,13,5,1,RCL129-C001,5,1,asignado
MZ03,14,1,1,RCL132-C004,1,1,asignado
MZ03,14,2,1,RCL132-C004,2,1,asignado
MZ03,14,3,1,RCL132-C004,3,1,asignado
MZ03,14,4,1,RCL132-C004,4,1,asignado
MZ03,14,5,1,RCL132-C004,5,1,asignado
MZ03,15,1,1,RCL134-C002,1,1,asignado
MZ03,15,2,1,RCL134-C002,2,1,asignado
MZ03,15,3,1,RCL134-C002,3,1,asignado
MZ03,15,4,1,RCL134-C002,4,1,asignado
MZ03,15,5,1,RCL134-C002,5,1,asignado
MZ03,16,1,1,RCL138-C001,1,1,asignado
MZ03,16,2,1,RCL138-C001,2,1,asignado
MZ03,16,3,1,RCL138-C001,3,1,asignado
MZ03,16,4,1,RCL138-C001,4,1,asignado
MZ03,16,5,1,RCL138-C001,5,1,asignado
MZ03,17,1,1,RCL141-C003,1,1,asignado
MZ03,17,2,1,RCL141-C003,2,1,asignado
MZ03,17,3,1,RCL141-C003,3,1,asignado
MZ03,17,4,1,RCL141-C003,4,1,asignado
MZ03,17,5,1,RCL141-C003,5,1,asignado
MZ03,18,1,1,RCL147-C001,1,1,asignado
MZ03,18,2,1,RCL147-C001,2,1,asignado
MZ03,18,3,1,RCL147-C001,3,1,asignado
MZ03,18,4,1,RCL147-C001,4,1,asignado
MZ03,18,5,1,RCL147-C001,5,1,asignado
MZ03,19,1,1,RCL147-C002,1,1,asignado
MZ03,19,2,1,RCL147-C002,2,1,asignado
MZ03,19,3,1,RCL147-C002,3,1,asignado
MZ03,19,4,1,RCL147-C002,4,1,asignado
MZ03,19,5,1,RCL147-C002,5,1,asignado
MZ03,20,1,1,RCL155-C003,1,1,asignado
MZ03,20,2,1,RCL155-C003,2,1,asignado
MZ03,20,3,1,RCL155-C003,3,1,asignado
MZ03,20,4,1,RCL155-C003,4,1,asignado
MZ03,20,5,1,RCL155-C003,5,1,asignado
MZ03,21,1,1,RCL155-C004,1,1,asignado
MZ03,21,2,1,RCL155-C004,2,1,asignado
MZ03,21,3,1,RCL155-C004,3,1,asignado
MZ03,21,4,1,RCL155-C004,4,1,asignado
MZ03,21,5,1,RCL155-C004,5,1,asignado
MZ03,22,1,1,RCL161-C002,1,1,asignado
MZ03,22,2,1,RCL161-C002,2,1,asignado
MZ03,22,3,1,RCL161-C002,3,1,asignado
MZ03,22,4,1,RCL161-C002,4,1,asignado
MZ03,22,5,1,RCL161-C002,5,1,asignado
MZ03,23,1,1,RCL155-C001,1,1,asignado
MZ03,23,2,1,RCL155-C001,2,1,asignado
MZ03,23,3,1,RCL155-C001,3,1,asignado
MZ03,23,4,1,RCL155-C001,4,1,asignado
MZ03,23,5,1,RCL155-C001,5,1,asignado
MZ03,24,1,1,RCL162-C001,1,1,asignado
MZ03,24,2,1,RCL162-C001,2,1,asignado
MZ03,24,3,1,RCL162-C001,3,1,asignado
MZ03,24,4,1,RCL162-C001,4,1,asignado
MZ03,24,5,1,RCL162-C001,5,1,asignado
MZ03,25,1,1,RCL162-C002,1,1,asignado
MZ03,25,2,1,RCL162-C002,2,1,asignado
MZ03,25,3,1,RCL162-C002,3,1,asignado
MZ03,25,4,1,RCL162-C002,4,1,asignado
MZ03,25,5,1,RCL162-C002,5,1,asignado
MZ03,26,1,1,RCL162-C003,1,1,asignado
MZ03,26,2,1,RCL162-C003,2,1,asignado
MZ03,26,3,1,RCL162-C003,3,1,asignado
MZ03,26,4,1,RCL162-C003,4,1,asignado
MZ03,26,5,1,RCL162-C003,5,1,asignado
MZ03,27,1,1,null,null,null,sin_rcl
MZ03,27,2,1,null,null,null,sin_rcl
MZ03,27,3,1,null,null,null,sin_rcl
MZ03,27,4,1,null,null,null,sin_rcl
MZ03,27,5,1,null,null,null,sin_rcl
MZ03,28,1,1,RCL188-C003,1,1,asignado
MZ03,28,2,1,RCL188-C003,2,1,asignado
MZ03,28,3,1,RCL188-C003,3,1,asignado
MZ03,28,4,1,RCL188-C003,4,1,asignado
MZ03,28,5,1,RCL188-C003,5,1,asignado
MZ03,29,1,1,RCL182-C003,1,1,asignado
MZ03,29,2,1,RCL182-C003,2,1,asignado
MZ03,29,3,1,RCL182-C003,3,1,asignado
MZ03,29,4,1,RCL182-C003,4,1,asignado
MZ03,29,5,1,RCL182-C003,5,1,asignado
MZ03,30,1,1,RCL182-C002,1,1,asignado
MZ03,30,2,1,RCL182-C002,2,1,asignado
MZ03,30,3,1,RCL182-C002,3,1,asignado
MZ03,30,4,1,RCL182-C002,4,1,asignado
MZ03,30,5,1,RCL182-C002,5,1,asignado
MZ03,31,1,1,RCL182-C001,1,1,asignado
MZ03,31,2,1,RCL182-C001,2,1,asignado
MZ03,31,3,1,RCL182-C001,3,1,asignado
MZ03,31,4,1,RCL182-C001,4,1,asignado
MZ03,31,5,1,RCL182-C001,5,1,asignado
MZ03,32,1,1,RCL188-C002,1,1,asignado
MZ03,32,2,1,RCL188-C002,2,1,asignado
MZ03,32,3,1,RCL188-C002,3,1,asignado
MZ03,32,4,1,RCL188-C002,4,1,asignado
MZ03,32,5,1,RCL188-C002,5,1,asignado
MZ03,33,1,1,RCL188-C001,1,1,asignado
MZ03,33,2,1,RCL188-C001,2,1,asignado
MZ03,33,3,1,RCL188-C001,3,1,asignado
MZ03,33,4,1,RCL188-C001,4,1,asignado
MZ03,33,5,1,RCL188-C001,5,1,asignado
MZ03,34,1,1,RCL200-C001,1,1,asignado
MZ03,34,2,1,RCL200-C001,2,1,asignado
MZ03,34,3,1,RCL200-C001,3,1,asignado
MZ03,34,4,1,RCL200-C001,4,1,asignado
MZ03,34,5,1,RCL200-C001,5,1,asignado
MZ03,35,1,1,RCL197-C002,1,1,asignado
MZ03,35,2,1,RCL197-C002,2,1,asignado
MZ03,35,3,1,RCL197-C002,3,1,asignado
MZ03,35,4,1,RCL197-C002,4,1,asignado
MZ03,35,5,1,RCL197-C002,5,1,asignado
MZ03,36,1,1,RCL197-C001,1,1,asignado
MZ03,36,2,1,RCL197-C001,2,1,asignado
MZ03,36,3,1,RCL197-C001,3,1,asignado
MZ03,36,4,1,RCL197-C001,4,1,asignado
MZ03,36,5,1,RCL197-C001,5,1,asignado
MZ04,1,1,1,RCL101-C001,1,1,asignado
MZ04,1,2,1,RCL101-C001,2,1,asignado
MZ04,1,3,1,RCL101-C001,3,1,asignado
MZ04,1,4,1,RCL101-C001,4,1,asignado
MZ04,1,5,1,RCL101-C001,5,1,asignado
MZ04,2,1,1,RCL101-C002,1,1,asignado
MZ04,2,2,1,RCL101-C002,2,1,asignado
MZ04,2,3,1,RCL101-C002,3,1,asignado
MZ04,2,4,1,RCL101-C002,4,1,asignado
MZ04,2,5,1,RCL101-C002,5,1,asignado
MZ04,3,1,1,RCL114-C002,1,1,asignado
MZ04,3,2,1,RCL114-C002,2,1,asignado
MZ04,3,3,1,RCL114-C002,3,1,asignado
MZ04,3,4,1,RCL114-C002,4,1,asignado
MZ04,3,5,1,RCL114-C002,5,1,asignado
MZ04,4,1,1,RCL114-C003,1,1,asignado
MZ04,4,2,1,RCL114-C003,2,1,asignado
MZ04,4,3,1,RCL114-C003,3,1,asignado
MZ04,4,4,1,RCL114-C003,4,1,asignado
MZ04,4,5,1,RCL114-C003,5,1,asignado
MZ04,5,1,1,RCL114-C004,1,1,asignado
MZ04,5,2,1,RCL114-C004,2,1,asignado
MZ04,5,3,1,RCL114-C004,3,1,asignado
MZ04,5,4,1,RCL114-C004,4,1,asignado
MZ04,5,5,1,RCL114-C004,5,1,asignado
MZ04,6,1,1,RCL119-C001,1,1,asignado
MZ04,6,2,1,RCL119-C001,2,1,asignado
MZ04,6,3,1,RCL119-C001,3,1,asignado
MZ04,6,4,1,RCL119-C001,4,1,asignado
MZ04,6,5,1,RCL119-C001,5,1,asignado
MZ04,7,1,1,null,null,null,sin_rcl
MZ04,7,2,1,null,null,null,sin_rcl
MZ04,7,3,1,null,null,null,sin_rcl
MZ04,7,4,1,null,null,null,sin_rcl
MZ04,7,5,1,null,null,null,sin_rcl
MZ04,8,1,1,null,null,null,sin_rcl
MZ04,8,2,1,null,null,null,sin_rcl
MZ04,8,3,1,null,null,null,sin_rcl
MZ04,8,4,1,null,null,null,sin_rcl
MZ04,8,5,1,null,null,null,sin_rcl
MZ04,10,1,1,RCL120-C002,1,1,asignado
MZ04,10,2,1,RCL120-C002,2,1,asignado
MZ04,10,3,1,RCL120-C002,3,1,asignado
MZ04,10,4,1,RCL120-C002,4,1,asignado
MZ04,10,5,1,RCL120-C002,5,1,asignado
MZ04,11,1,1,RCL120-C001,1,1,asignado
MZ04,11,2,1,RCL120-C001,2,1,asignado
MZ04,11,3,1,RCL120-C001,3,1,asignado
MZ04,11,4,1,RCL120-C001,4,1,asignado
MZ04,11,5,1,RCL120-C001,5,1,asignado
MZ04,12,1,1,RCL132-C001,1,1,asignado
MZ04,12,2,1,RCL132-C001,2,1,asignado
MZ04,12,3,1,RCL132-C001,3,1,asignado
MZ04,12,4,1,RCL132-C001,4,1,asignado
MZ04,12,5,1,RCL132-C001,5,1,asignado
MZ04,13,1,1,RCL132-C002,1,1,asignado
MZ04,13,2,1,RCL132-C002,2,1,asignado
MZ04,13,3,1,RCL132-C002,3,1,asignado
MZ04,13,4,1,RCL132-C002,4,1,asignado
MZ04,13,5,1,RCL132-C002,5,1,asignado
MZ04,14,1,1,RCL133-C002,1,1,asignado
MZ04,14,2,1,RCL133-C002,2,1,asignado
MZ04,14,3,1,RCL133-C002,3,1,asignado
MZ04,14,4,1,RCL133-C002,4,1,asignado
MZ04,14,5,1,RCL133-C002,5,1,asignado
MZ04,15,1,1,RCL134-C004,1,1,asignado
MZ04,15,2,1,RCL134-C004,2,1,asignado
MZ04,15,3,1,RCL134-C004,3,1,asignado
MZ04,15,4,1,RCL134-C004,4,1,asignado
MZ04,15,5,1,RCL134-C004,5,1,asignado
MZ04,16,1,1,RCL134-C003,1,1,asignado
MZ04,16,2,1,RCL134-C003,2,1,asignado
MZ04,16,3,1,RCL134-C003,3,1,asignado
MZ04,16,4,1,RCL134-C003,4,1,asignado
MZ04,16,5,1,RCL134-C003,5,1,asignado
MZ04,17,1,1,RCL148-C002,1,1,asignado
MZ04,17,2,1,RCL148-C002,2,1,asignado
MZ04,17,3,1,RCL148-C002,3,1,asignado
MZ04,17,4,1,RCL148-C002,4,1,asignado
MZ04,17,5,1,RCL148-C002,5,1,asignado
MZ04,18,1,1,RCL148-C003,1,1,asignado
MZ04,18,2,1,RCL148-C003,2,1,asignado
MZ04,18,3,1,RCL148-C003,3,1,asignado
MZ04,18,4,1,RCL148-C003,4,1,asignado
MZ04,18,5,1,RCL148-C003,5,1,asignado
MZ04,19,1,1,null,null,null,sin_rcl
MZ04,19,2,1,null,null,null,sin_rcl
MZ04,19,3,1,null,null,null,sin_rcl
MZ04,19,4,1,null,null,null,sin_rcl
MZ04,19,5,1,null,null,null,sin_rcl
MZ04,20,1,1,RCL159-C003,1,1,asignado
MZ04,20,2,1,RCL159-C003,2,1,asignado
MZ04,20,3,1,RCL159-C003,3,1,asignado
MZ04,20,4,1,RCL159-C003,4,1,asignado
MZ04,20,5,1,RCL159-C003,5,1,asignado
MZ04,21,1,1,RCL159-C004,1,1,asignado
MZ04,21,2,1,RCL159-C004,2,1,asignado
MZ04,21,3,1,RCL159-C004,3,1,asignado
MZ04,21,4,1,RCL159-C004,4,1,asignado
MZ04,21,5,1,RCL159-C004,5,1,asignado
MZ04,22,1,1,RCL160-C002,1,1,asignado
MZ04,22,2,1,RCL160-C002,2,1,asignado
MZ04,22,3,1,RCL160-C002,3,1,asignado
MZ04,22,4,1,RCL160-C002,4,1,asignado
MZ04,22,5,1,RCL160-C002,5,1,asignado
MZ04,23,1,1,RCL153-C001,1,1,asignado
MZ04,23,2,1,RCL153-C001,2,1,asignado
MZ04,23,3,1,RCL153-C001,3,1,asignado
MZ04,23,4,1,RCL153-C001,4,1,asignado
MZ04,23,5,1,RCL153-C001,5,1,asignado
MZ04,24,1,1,RCL170-C003,1,1,asignado
MZ04,24,2,1,RCL170-C003,2,1,asignado
MZ04,24,3,1,RCL170-C003,3,1,asignado
MZ04,24,4,1,RCL170-C003,4,1,asignado
MZ04,24,5,1,RCL170-C003,5,1,asignado
MZ04,25,1,1,RCL170-C002,1,1,asignado
MZ04,25,2,1,RCL170-C002,2,1,asignado
MZ04,25,3,1,RCL170-C002,3,1,asignado
MZ04,25,4,1,RCL170-C002,4,1,asignado
MZ04,25,5,1,RCL170-C002,5,1,asignado
MZ04,26,1,1,RCL170-C001,1,1,asignado
MZ04,26,2,1,RCL170-C001,2,1,asignado
MZ04,26,3,1,RCL170-C001,3,1,asignado
MZ04,26,4,1,RCL170-C001,4,1,asignado
MZ04,26,5,1,RCL170-C001,5,1,asignado
MZ04,27,1,1,null,null,null,sin_rcl
MZ04,27,2,1,null,null,null,sin_rcl
MZ04,27,3,1,null,null,null,sin_rcl
MZ04,27,4,1,null,null,null,sin_rcl
MZ04,27,5,1,null,null,null,sin_rcl
MZ04,28,1,1,RCL181-C004,1,1,asignado
MZ04,28,2,1,RCL181-C004,2,1,asignado
MZ04,28,3,1,RCL181-C004,3,1,asignado
MZ04,28,4,1,RCL181-C004,4,1,asignado
MZ04,28,5,1,RCL181-C004,5,1,asignado
MZ04,29,1,1,RCL175-C003,1,1,asignado
MZ04,29,2,1,RCL175-C003,2,1,asignado
MZ04,29,3,1,RCL175-C003,3,1,asignado
MZ04,29,4,1,RCL175-C003,4,1,asignado
MZ04,29,5,1,RCL175-C003,5,1,asignado
MZ04,30,1,1,RCL181-C002,1,1,asignado
MZ04,30,2,1,RCL181-C002,2,1,asignado
MZ04,30,3,1,RCL181-C002,3,1,asignado
MZ04,30,4,1,RCL181-C002,4,1,asignado
MZ04,30,5,1,RCL181-C002,5,1,asignado
MZ04,31,1,1,RCL181-C001,1,1,asignado
MZ04,31,2,1,RCL181-C001,2,1,asignado
MZ04,31,3,1,RCL181-C001,3,1,asignado
MZ04,31,4,1,RCL181-C001,4,1,asignado
MZ04,31,5,1,RCL181-C001,5,1,asignado
MZ04,32,1,1,RCL195-C001,1,1,asignado
MZ04,32,2,1,RCL195-C001,2,1,asignado
MZ04,32,3,1,RCL195-C001,3,1,asignado
MZ04,32,4,1,RCL195-C001,4,1,asignado
MZ04,32,5,1,RCL195-C001,5,1,asignado
MZ04,33,1,1,RCL195-C002,1,1,asignado
MZ04,33,2,1,RCL195-C002,2,1,asignado
MZ04,33,3,1,RCL195-C002,3,1,asignado
MZ04,33,4,1,RCL195-C002,4,1,asignado
MZ04,33,5,1,RCL195-C002,5,1,asignado
MZ04,34,1,1,RCL198-C001,1,1,asignado
MZ04,34,2,1,RCL198-C001,2,1,asignado
MZ04,34,3,1,RCL198-C001,3,1,asignado
MZ04,34,4,1,RCL198-C001,4,1,asignado
MZ04,34,5,1,RCL198-C001,5,1,asignado
MZ04,35,1,1,RCL201-C001,1,1,asignado
MZ04,35,2,1,RCL201-C001,2,1,asignado
MZ04,35,3,1,RCL201-C001,3,1,asignado
MZ04,35,4,1,RCL201-C001,4,1,asignado
MZ04,35,5,1,RCL201-C001,5,1,asignado
MZ04,36,1,1,RCL201-C002,1,1,asignado
MZ04,36,2,1,RCL201-C002,2,1,asignado
MZ04,36,3,1,RCL201-C002,3,1,asignado
MZ04,36,4,1,RCL201-C002,4,1,asignado
MZ04,36,5,1,RCL201-C002,5,1,asignado
MZ05,1,1,1,RCL95-C001,1,1,asignado
MZ05,1,2,1,RCL95-C001,2,1,asignado
MZ05,1,3,1,RCL95-C001,3,1,asignado
MZ05,1,4,1,RCL95-C001,4,1,asignado
MZ05,1,5,1,RCL95-C001,5,1,asignado
MZ05,2,1,1,RCL95-C002,1,1,asignado
MZ05,2,2,1,RCL95-C002,2,1,asignado
MZ05,2,3,1,RCL95-C002,3,1,asignado
MZ05,2,4,1,RCL95-C002,4,1,asignado
MZ05,2,5,1,RCL95-C002,5,1,asignado
MZ05,3,1,1,RCL95-C003,1,1,asignado
MZ05,3,2,1,RCL95-C003,2,1,asignado
MZ05,3,3,1,RCL95-C003,3,1,asignado
MZ05,3,4,1,RCL95-C003,4,1,asignado
MZ05,3,5,1,RCL95-C003,5,1,asignado
MZ05,4,1,1,RCL98-C001,1,1,asignado
MZ05,4,2,1,RCL98-C001,2,1,asignado
MZ05,4,3,1,RCL98-C001,3,1,asignado
MZ05,4,4,1,RCL98-C001,4,1,asignado
MZ05,4,5,1,RCL98-C001,5,1,asignado
MZ05,5,1,1,RCL106-C001,1,1,asignado
MZ05,5,2,1,RCL106-C001,2,1,asignado
MZ05,5,3,1,RCL106-C001,3,1,asignado
MZ05,5,4,1,RCL106-C001,4,1,asignado
MZ05,5,5,1,RCL106-C001,5,1,asignado
MZ05,6,1,1,RCL106-C002,1,1,asignado
MZ05,6,2,1,RCL106-C002,2,1,asignado
MZ05,6,3,1,RCL106-C002,3,1,asignado
MZ05,6,4,1,RCL106-C002,4,1,asignado
MZ05,6,5,1,RCL106-C002,5,1,asignado
MZ05,7,1,1,RCL106-C003,1,1,asignado
MZ05,7,2,1,RCL106-C003,2,1,asignado
MZ05,7,3,1,RCL106-C003,3,1,asignado
MZ05,7,4,1,RCL106-C003,4,1,asignado
MZ05,7,5,1,RCL106-C003,5,1,asignado
MZ05,8,1,1,RCL115-C001,1,1,asignado
MZ05,8,2,1,RCL115-C001,2,1,asignado
MZ05,8,3,1,RCL115-C001,3,1,asignado
MZ05,8,4,1,RCL115-C001,4,1,asignado
MZ05,8,5,1,RCL115-C001,5,1,asignado
MZ05,9,1,1,RCL116-C004,1,1,asignado
MZ05,9,2,1,RCL116-C004,2,1,asignado
MZ05,9,3,1,RCL116-C004,3,1,asignado
MZ05,9,4,1,RCL116-C004,4,1,asignado
MZ05,9,5,1,RCL116-C004,5,1,asignado
MZ05,10,1,1,RCL124-C002,1,1,asignado
MZ05,10,2,1,RCL124-C002,2,1,asignado
MZ05,10,3,1,RCL124-C002,3,1,asignado
MZ05,10,4,1,RCL124-C002,4,1,asignado
MZ05,10,5,1,RCL124-C002,5,1,asignado
MZ05,11,1,1,RCL124-C001,1,1,asignado
MZ05,11,2,1,RCL124-C001,2,1,asignado
MZ05,11,3,1,RCL124-C001,3,1,asignado
MZ05,11,4,1,RCL124-C001,4,1,asignado
MZ05,11,5,1,RCL124-C001,5,1,asignado
MZ05,12,1,1,RCL125-C001,1,1,asignado
MZ05,12,2,1,RCL125-C001,2,1,asignado
MZ05,12,3,1,RCL125-C001,3,1,asignado
MZ05,12,4,1,RCL125-C001,4,1,asignado
MZ05,12,5,1,RCL125-C001,5,1,asignado
MZ05,13,1,1,RCL125-C002,1,1,asignado
MZ05,13,2,1,RCL125-C002,2,1,asignado
MZ05,13,3,1,RCL125-C002,3,1,asignado
MZ05,13,4,1,RCL125-C002,4,1,asignado
MZ05,13,5,1,RCL125-C002,5,1,asignado
MZ05,14,1,1,RCL125-C003,1,1,asignado
MZ05,14,2,1,RCL125-C003,2,1,asignado
MZ05,14,3,1,RCL125-C003,3,1,asignado
MZ05,14,4,1,RCL125-C003,4,1,asignado
MZ05,14,5,1,RCL125-C003,5,1,asignado
MZ05,15,1,1,RCL125-C004,1,1,asignado
MZ05,15,2,1,RCL125-C004,2,1,asignado
MZ05,15,3,1,RCL125-C004,3,1,asignado
MZ05,15,4,1,RCL125-C004,4,1,asignado
MZ05,15,5,1,RCL125-C004,5,1,asignado
MZ05,16,1,1,RCL138-C003,1,1,asignado
MZ05,16,2,1,RCL138-C003,2,1,asignado
MZ05,16,3,1,RCL138-C003,3,1,asignado
MZ05,16,4,1,RCL138-C003,4,1,asignado
MZ05,16,5,1,RCL138-C003,5,1,asignado
MZ05,17,1,1,RCL138-C004,1,1,asignado
MZ05,17,2,1,RCL138-C004,2,1,asignado
MZ05,17,3,1,RCL138-C004,3,1,asignado
MZ05,17,4,1,RCL138-C004,4,1,asignado
MZ05,17,5,1,RCL138-C004,5,1,asignado
MZ05,18,1,1,RCL141-C002,1,1,asignado
MZ05,18,2,1,RCL141-C002,2,1,asignado
MZ05,18,3,1,RCL141-C002,3,1,asignado
MZ05,18,4,1,RCL141-C002,4,1,asignado
MZ05,18,5,1,RCL141-C002,5,1,asignado
MZ05,19,1,1,RCL141-C001,1,1,asignado
MZ05,19,2,1,RCL141-C001,2,1,asignado
MZ05,19,3,1,RCL141-C001,3,1,asignado
MZ05,19,4,1,RCL141-C001,4,1,asignado
MZ05,19,5,1,RCL141-C001,5,1,asignado
MZ05,20,1,1,RCL149-C003,1,1,asignado
MZ05,20,2,1,RCL149-C003,2,1,asignado
MZ05,20,3,1,RCL149-C003,3,1,asignado
MZ05,20,4,1,RCL149-C003,4,1,asignado
MZ05,20,5,1,RCL149-C003,5,1,asignado
MZ05,21,1,1,RCL149-C004,1,1,asignado
MZ05,21,2,1,RCL149-C004,2,1,asignado
MZ05,21,3,1,RCL149-C004,3,1,asignado
MZ05,21,4,1,RCL149-C004,4,1,asignado
MZ05,21,5,1,RCL149-C004,5,1,asignado
MZ05,22,1,1,RCL160-C001,1,1,asignado
MZ05,22,2,1,RCL160-C001,2,1,asignado
MZ05,22,3,1,RCL160-C001,3,1,asignado
MZ05,22,4,1,RCL160-C001,4,1,asignado
MZ05,22,5,1,RCL160-C001,5,1,asignado
MZ05,23,1,1,RCL149-C001,1,1,asignado
MZ05,23,2,1,RCL149-C001,2,1,asignado
MZ05,23,3,1,RCL149-C001,3,1,asignado
MZ05,23,4,1,RCL149-C001,4,1,asignado
MZ05,23,5,1,RCL149-C001,5,1,asignado
MZ05,24,1,1,RCL172-C003,1,1,asignado
MZ05,24,2,1,RCL172-C003,2,1,asignado
MZ05,24,3,1,RCL172-C003,3,1,asignado
MZ05,24,4,1,RCL172-C003,4,1,asignado
MZ05,24,5,1,RCL172-C003,5,1,asignado
MZ05,25,1,1,RCL172-C002,1,1,asignado
MZ05,25,2,1,RCL172-C002,2,1,asignado
MZ05,25,3,1,RCL172-C002,3,1,asignado
MZ05,25,4,1,RCL172-C002,4,1,asignado
MZ05,25,5,1,RCL172-C002,5,1,asignado
MZ05,26,1,1,RCL172-C001,1,1,asignado
MZ05,26,2,1,RCL172-C001,2,1,asignado
MZ05,26,3,1,RCL172-C001,3,1,asignado
MZ05,26,4,1,RCL172-C001,4,1,asignado
MZ05,26,5,1,RCL172-C001,5,1,asignado
MZ05,27,1,1,null,null,null,sin_rcl
MZ05,27,2,1,null,null,null,sin_rcl
MZ05,27,3,1,null,null,null,sin_rcl
MZ05,27,4,1,null,null,null,sin_rcl
MZ05,27,5,1,null,null,null,sin_rcl
MZ05,28,1,1,RCL180-C002,1,1,asignado
MZ05,28,2,1,RCL180-C002,2,1,asignado
MZ05,28,3,1,RCL180-C002,3,1,asignado
MZ05,28,4,1,RCL180-C002,4,1,asignado
MZ05,28,5,1,RCL180-C002,5,1,asignado
MZ05,29,1,1,RCL180-C001,1,1,asignado
MZ05,29,2,1,RCL180-C001,2,1,asignado
MZ05,29,3,1,RCL180-C001,3,1,asignado
MZ05,29,4,1,RCL180-C001,4,1,asignado
MZ05,29,5,1,RCL180-C001,5,1,asignado
MZ05,30,1,1,RCL183-C001,1,1,asignado
MZ05,30,2,1,RCL183-C001,2,1,asignado
MZ05,30,3,1,RCL183-C001,3,1,asignado
MZ05,30,4,1,RCL183-C001,4,1,asignado
MZ05,30,5,1,RCL183-C001,5,1,asignado
MZ05,31,1,1,RCL183-C002,1,1,asignado
MZ05,31,2,1,RCL183-C002,2,1,asignado
MZ05,31,3,1,RCL183-C002,3,1,asignado
MZ05,31,4,1,RCL183-C002,4,1,asignado
MZ05,31,5,1,RCL183-C002,5,1,asignado
MZ05,32,1,1,RCL187-C003,1,1,asignado
MZ05,32,2,1,RCL187-C003,2,1,asignado
MZ05,32,3,1,RCL187-C003,3,1,asignado
MZ05,32,4,1,RCL187-C003,4,1,asignado
MZ05,32,5,1,RCL187-C003,5,1,asignado
MZ05,33,1,1,RCL189-C004,1,1,asignado
MZ05,33,2,1,RCL189-C004,2,1,asignado
MZ05,33,3,1,RCL189-C004,3,1,asignado
MZ05,33,4,1,RCL189-C004,4,1,asignado
MZ05,33,5,1,RCL189-C004,5,1,asignado
MZ05,34,1,1,RCL192-C001,1,1,asignado
MZ05,34,2,1,RCL192-C001,2,1,asignado
MZ05,34,3,1,RCL192-C001,3,1,asignado
MZ05,34,4,1,RCL192-C001,4,1,asignado
MZ05,34,5,1,RCL192-C001,5,1,asignado
MZ05,35,1,1,RCL203-C002,1,1,asignado
MZ05,35,2,1,RCL203-C002,2,1,asignado
MZ05,35,3,1,RCL203-C002,3,1,asignado
MZ05,35,4,1,RCL203-C002,4,1,asignado
MZ05,35,5,1,RCL203-C002,5,1,asignado
MZ05,36,1,1,null,null,null,sin_rcl
MZ05,36,2,1,null,null,null,sin_rcl
MZ05,36,3,1,null,null,null,sin_rcl
MZ05,36,4,1,null,null,null,sin_rcl
MZ05,36,5,1,null,null,null,sin_rcl
MZ06,1,1,1,RCL92-C001,1,1,asignado
MZ06,1,2,1,RCL92-C001,2,1,asignado
MZ06,1,3,1,RCL92-C001,3,1,asignado
MZ06,1,4,1,RCL92-C001,4,1,asignado
MZ06,1,5,1,RCL92-C001,5,1,asignado
MZ06,2,1,1,RCL92-C002,1,1,asignado
MZ06,2,2,1,RCL92-C002,2,1,asignado
MZ06,2,3,1,RCL92-C002,3,1,asignado
MZ06,2,4,1,RCL92-C002,4,1,asignado
MZ06,2,5,1,RCL92-C002,5,1,asignado
MZ06,3,1,1,RCL92-C003,1,1,asignado
MZ06,3,2,1,RCL92-C003,2,1,asignado
MZ06,3,3,1,RCL92-C003,3,1,asignado
MZ06,3,4,1,RCL92-C003,4,1,asignado
MZ06,3,5,1,RCL92-C003,5,1,asignado
MZ06,4,1,1,RCL90-C001,1,1,asignado
MZ06,4,2,1,RCL90-C001,2,1,asignado
MZ06,4,3,1,RCL90-C001,3,1,asignado
MZ06,4,4,1,RCL90-C001,4,1,asignado
MZ06,4,5,1,RCL90-C001,5,1,asignado
MZ06,5,1,1,RCL105-C001,1,1,asignado
MZ06,5,2,1,RCL105-C001,2,1,asignado
MZ06,5,3,1,RCL105-C001,3,1,asignado
MZ06,5,4,1,RCL105-C001,4,1,asignado
MZ06,5,5,1,RCL105-C001,5,1,asignado
MZ06,6,1,1,RCL105-C002,1,1,asignado
MZ06,6,2,1,RCL105-C002,2,1,asignado
MZ06,6,3,1,RCL105-C002,3,1,asignado
MZ06,6,4,1,RCL105-C002,4,1,asignado
MZ06,6,5,1,RCL105-C002,5,1,asignado
MZ06,7,1,1,RCL105-C003,1,1,asignado
MZ06,7,2,1,RCL105-C003,2,1,asignado
MZ06,7,3,1,RCL105-C003,3,1,asignado
MZ06,7,4,1,RCL105-C003,4,1,asignado
MZ06,7,5,1,RCL105-C003,5,1,asignado
MZ06,8,1,1,RCL115-C004,1,1,asignado
MZ06,8,2,1,RCL115-C004,2,1,asignado
MZ06,8,3,1,RCL115-C004,3,1,asignado
MZ06,8,4,1,RCL115-C004,4,1,asignado
MZ06,8,5,1,RCL115-C004,5,1,asignado
MZ06,10,1,1,RCL119-C003,1,1,asignado
MZ06,10,2,1,RCL119-C003,2,1,asignado
MZ06,10,3,1,RCL119-C003,3,1,asignado
MZ06,10,4,1,RCL119-C003,4,1,asignado
MZ06,10,5,1,RCL119-C003,5,1,asignado
MZ06,11,1,1,RCL119-C004,1,1,asignado
MZ06,11,2,1,RCL119-C004,2,1,asignado
MZ06,11,3,1,RCL119-C004,3,1,asignado
MZ06,11,4,1,RCL119-C004,4,1,asignado
MZ06,11,5,1,RCL119-C004,5,1,asignado
MZ06,12,1,1,RCL127-C004,1,1,asignado
MZ06,12,2,1,RCL127-C004,2,1,asignado
MZ06,12,3,1,RCL127-C004,3,1,asignado
MZ06,12,4,1,RCL127-C004,4,1,asignado
MZ06,12,5,1,RCL127-C004,5,1,asignado
MZ06,13,1,1,RCL127-C003,1,1,asignado
MZ06,13,2,1,RCL127-C003,2,1,asignado
MZ06,13,3,1,RCL127-C003,3,1,asignado
MZ06,13,4,1,RCL127-C003,4,1,asignado
MZ06,13,5,1,RCL127-C003,5,1,asignado
MZ06,14,1,1,RCL127-C002,1,1,asignado
MZ06,14,2,1,RCL127-C002,2,1,asignado
MZ06,14,3,1,RCL127-C002,3,1,asignado
MZ06,14,4,1,RCL127-C002,4,1,asignado
MZ06,14,5,1,RCL127-C002,5,1,asignado
MZ06,15,1,1,RCL127-C001,1,1,asignado
MZ06,15,2,1,RCL127-C001,2,1,asignado
MZ06,15,3,1,RCL127-C001,3,1,asignado
MZ06,15,4,1,RCL127-C001,4,1,asignado
MZ06,15,5,1,RCL127-C001,5,1,asignado
MZ06,16,1,1,RCL139-C004,1,1,asignado
MZ06,16,2,1,RCL139-C004,2,1,asignado
MZ06,16,3,1,RCL139-C004,3,1,asignado
MZ06,16,4,1,RCL139-C004,4,1,asignado
MZ06,16,5,1,RCL139-C004,5,1,asignado
MZ06,17,1,1,RCL139-C003,1,1,asignado
MZ06,17,2,1,RCL139-C003,2,1,asignado
MZ06,17,3,1,RCL139-C003,3,1,asignado
MZ06,17,4,1,RCL139-C003,4,1,asignado
MZ06,17,5,1,RCL139-C003,5,1,asignado
MZ06,18,1,1,RCL146-C003,1,1,asignado
MZ06,18,2,1,RCL146-C003,2,1,asignado
MZ06,18,3,1,RCL146-C003,3,1,asignado
MZ06,18,4,1,RCL146-C003,4,1,asignado
MZ06,18,5,1,RCL146-C003,5,1,asignado
MZ06,19,1,1,RCL146-C001,1,1,asignado
MZ06,19,2,1,RCL146-C001,2,1,asignado
MZ06,19,3,1,RCL146-C001,3,1,asignado
MZ06,19,4,1,RCL146-C001,4,1,asignado
MZ06,19,5,1,RCL146-C001,5,1,asignado
MZ06,20,1,1,RCL160-C003,1,1,asignado
MZ06,20,2,1,RCL160-C003,2,1,asignado
MZ06,20,3,1,RCL160-C003,3,1,asignado
MZ06,20,4,1,RCL160-C003,4,1,asignado
MZ06,20,5,1,RCL160-C003,5,1,asignado
MZ06,21,1,1,RCL161-C004,1,1,asignado
MZ06,21,2,1,RCL161-C004,2,1,asignado
MZ06,21,3,1,RCL161-C004,3,1,asignado
MZ06,21,4,1,RCL161-C004,4,1,asignado
MZ06,21,5,1,RCL161-C004,5,1,asignado
MZ06,22,1,1,RCL173-C003,1,1,asignado
MZ06,22,2,1,RCL173-C003,2,1,asignado
MZ06,22,3,1,RCL173-C003,3,1,asignado
MZ06,22,4,1,RCL173-C003,4,1,asignado
MZ06,22,5,1,RCL173-C003,5,1,asignado
MZ06,23,1,1,RCL173-C002,1,1,asignado
MZ06,23,2,1,RCL173-C002,2,1,asignado
MZ06,23,3,1,RCL173-C002,3,1,asignado
MZ06,23,4,1,RCL173-C002,4,1,asignado
MZ06,23,5,1,RCL173-C002,5,1,asignado
MZ06,24,1,1,RCL173-C001,1,1,asignado
MZ06,24,2,1,RCL173-C001,2,1,asignado
MZ06,24,3,1,RCL173-C001,3,1,asignado
MZ06,24,4,1,RCL173-C001,4,1,asignado
MZ06,24,5,1,RCL173-C001,5,1,asignado
MZ06,25,1,1,null,null,null,sin_rcl
MZ06,25,2,1,null,null,null,sin_rcl
MZ06,25,3,1,null,null,null,sin_rcl
MZ06,25,4,1,null,null,null,sin_rcl
MZ06,25,5,1,null,null,null,sin_rcl
MZ06,26,1,1,null,null,null,sin_rcl
MZ06,26,2,1,null,null,null,sin_rcl
MZ06,26,3,1,null,null,null,sin_rcl
MZ06,26,4,1,null,null,null,sin_rcl
MZ06,26,5,1,null,null,null,sin_rcl
MZ06,27,1,1,null,null,null,sin_rcl
MZ06,27,2,1,null,null,null,sin_rcl
MZ06,27,3,1,null,null,null,sin_rcl
MZ06,27,4,1,null,null,null,sin_rcl
MZ06,27,5,1,null,null,null,sin_rcl
MZ06,28,1,1,RCL180-C003,1,1,asignado
MZ06,28,2,1,RCL180-C003,2,1,asignado
MZ06,28,3,1,RCL180-C003,3,1,asignado
MZ06,28,4,1,RCL180-C003,4,1,asignado
MZ06,28,5,1,RCL180-C003,5,1,asignado
MZ06,29,1,1,RCL182-C004,1,1,asignado
MZ06,29,2,1,RCL182-C004,2,1,asignado
MZ06,29,3,1,RCL182-C004,3,1,asignado
MZ06,29,4,1,RCL182-C004,4,1,asignado
MZ06,29,5,1,RCL182-C004,5,1,asignado
MZ06,30,1,1,RCL187-C002,1,1,asignado
MZ06,30,2,1,RCL187-C002,2,1,asignado
MZ06,30,3,1,RCL187-C002,3,1,asignado
MZ06,30,4,1,RCL187-C002,4,1,asignado
MZ06,30,5,1,RCL187-C002,5,1,asignado
MZ06,31,1,1,RCL187-C001,1,1,asignado
MZ06,31,2,1,RCL187-C001,2,1,asignado
MZ06,31,3,1,RCL187-C001,3,1,asignado
MZ06,31,4,1,RCL187-C001,4,1,asignado
MZ06,31,5,1,RCL187-C001,5,1,asignado
MZ06,32,1,1,RCL188-C004,1,1,asignado
MZ06,32,2,1,RCL188-C004,2,1,asignado
MZ06,32,3,1,RCL188-C004,3,1,asignado
MZ06,32,4,1,RCL188-C004,4,1,asignado
MZ06,32,5,1,RCL188-C004,5,1,asignado
MZ06,33,1,1,RCL189-C003,1,1,asignado
MZ06,33,2,1,RCL189-C003,2,1,asignado
MZ06,33,3,1,RCL189-C003,3,1,asignado
MZ06,33,4,1,RCL189-C003,4,1,asignado
MZ06,33,5,1,RCL189-C003,5,1,asignado
MZ06,34,1,1,RCL191-C001,1,1,asignado
MZ06,34,2,1,RCL191-C001,2,1,asignado
MZ06,34,3,1,RCL191-C001,3,1,asignado
MZ06,34,4,1,RCL191-C001,4,1,asignado
MZ06,34,5,1,RCL191-C001,5,1,asignado
MZ06,35,1,1,RCL202-C002,1,1,asignado
MZ06,35,2,1,RCL202-C002,2,1,asignado
MZ06,35,3,1,RCL202-C002,3,1,asignado
MZ06,35,4,1,RCL202-C002,4,1,asignado
MZ06,35,5,1,RCL202-C002,5,1,asignado
MZ06,36,1,1,RCL202-C001,1,1,asignado
MZ06,36,2,1,RCL202-C001,2,1,asignado
MZ06,36,3,1,RCL202-C001,3,1,asignado
MZ06,36,4,1,RCL202-C001,4,1,asignado
MZ06,36,5,1,RCL202-C001,5,1,asignado
MZ07,1,1,1,RCL91-C001,1,1,asignado
MZ07,1,2,1,RCL91-C001,2,1,asignado
MZ07,1,3,1,RCL91-C001,3,1,asignado
MZ07,1,4,1,RCL91-C001,4,1,asignado
MZ07,1,5,1,RCL91-C001,5,1,asignado
MZ07,2,1,1,RCL91-C002,1,1,asignado
MZ07,2,2,1,RCL91-C002,2,1,asignado
MZ07,2,3,1,RCL91-C002,3,1,asignado
MZ07,2,4,1,RCL91-C002,4,1,asignado
MZ07,2,5,1,RCL91-C002,5,1,asignado
MZ07,3,1,1,RCL91-C003,1,1,asignado
MZ07,3,2,1,RCL91-C003,2,1,asignado
MZ07,3,3,1,RCL91-C003,3,1,asignado
MZ07,3,4,1,RCL91-C003,4,1,asignado
MZ07,3,5,1,RCL91-C003,5,1,asignado
MZ07,4,1,1,RCL168-C003,1,1,asignado
MZ07,4,2,1,RCL168-C003,2,1,asignado
MZ07,4,3,1,RCL168-C003,3,1,asignado
MZ07,4,4,1,RCL168-C003,4,1,asignado
MZ07,4,5,1,RCL168-C003,5,1,asignado
MZ07,5,1,1,RCL104-C001,1,1,asignado
MZ07,5,2,1,RCL104-C001,2,1,asignado
MZ07,5,3,1,RCL104-C001,3,1,asignado
MZ07,5,4,1,RCL104-C001,4,1,asignado
MZ07,5,5,1,RCL104-C001,5,1,asignado
MZ07,6,1,1,RCL104-C002,1,1,asignado
MZ07,6,2,1,RCL104-C002,2,1,asignado
MZ07,6,3,1,RCL104-C002,3,1,asignado
MZ07,6,4,1,RCL104-C002,4,1,asignado
MZ07,6,5,1,RCL104-C002,5,1,asignado
MZ07,7,1,1,RCL104-C003,1,1,asignado
MZ07,7,2,1,RCL104-C003,2,1,asignado
MZ07,7,3,1,RCL104-C003,3,1,asignado
MZ07,7,4,1,RCL104-C003,4,1,asignado
MZ07,7,5,1,RCL104-C003,5,1,asignado
MZ07,8,1,1,RCL115-C003,1,1,asignado
MZ07,8,2,1,RCL115-C003,2,1,asignado
MZ07,8,3,1,RCL115-C003,3,1,asignado
MZ07,8,4,1,RCL115-C003,4,1,asignado
MZ07,8,5,1,RCL115-C003,5,1,asignado
MZ07,9,1,1,RCL118-C002,1,1,asignado
MZ07,9,2,1,RCL118-C002,2,1,asignado
MZ07,9,3,1,RCL118-C002,3,1,asignado
MZ07,9,4,1,RCL118-C002,4,1,asignado
MZ07,9,5,1,RCL118-C002,5,1,asignado
MZ07,10,1,1,RCL118-C004,1,1,asignado
MZ07,10,2,1,RCL118-C004,2,1,asignado
MZ07,10,3,1,RCL118-C004,3,1,asignado
MZ07,10,4,1,RCL118-C004,4,1,asignado
MZ07,10,5,1,RCL118-C004,5,1,asignado
MZ07,11,1,1,RCL118-C003,1,1,asignado
MZ07,11,2,1,RCL118-C003,2,1,asignado
MZ07,11,3,1,RCL118-C003,3,1,asignado
MZ07,11,4,1,RCL118-C003,4,1,asignado
MZ07,11,5,1,RCL118-C003,5,1,asignado
MZ07,12,1,1,RCL131-C004,1,1,asignado
MZ07,12,2,1,RCL131-C004,2,1,asignado
MZ07,12,3,1,RCL131-C004,3,1,asignado
MZ07,12,4,1,RCL131-C004,4,1,asignado
MZ07,12,5,1,RCL131-C004,5,1,asignado
MZ07,13,1,1,RCL131-C003,1,1,asignado
MZ07,13,2,1,RCL131-C003,2,1,asignado
MZ07,13,3,1,RCL131-C003,3,1,asignado
MZ07,13,4,1,RCL131-C003,4,1,asignado
MZ07,13,5,1,RCL131-C003,5,1,asignado
MZ07,14,1,1,RCL131-C002,1,1,asignado
MZ07,14,2,1,RCL131-C002,2,1,asignado
MZ07,14,3,1,RCL131-C002,3,1,asignado
MZ07,14,4,1,RCL131-C002,4,1,asignado
MZ07,14,5,1,RCL131-C002,5,1,asignado
MZ07,15,1,1,RCL140-C002,1,1,asignado
MZ07,15,2,1,RCL140-C002,2,1,asignado
MZ07,15,3,1,RCL140-C002,3,1,asignado
MZ07,15,4,1,RCL140-C002,4,1,asignado
MZ07,15,5,1,RCL140-C002,5,1,asignado
MZ07,16,1,1,RCL140-C001,1,1,asignado
MZ07,16,2,1,RCL140-C001,2,1,asignado
MZ07,16,3,1,RCL140-C001,3,1,asignado
MZ07,16,4,1,RCL140-C001,4,1,asignado
MZ07,16,5,1,RCL140-C001,5,1,asignado
MZ07,17,1,1,RCL147-C003,1,1,asignado
MZ07,17,2,1,RCL147-C003,2,1,asignado
MZ07,17,3,1,RCL147-C003,3,1,asignado
MZ07,17,4,1,RCL147-C003,4,1,asignado
MZ07,17,5,1,RCL147-C003,5,1,asignado
MZ07,18,1,1,RCL140-C003,1,1,asignado
MZ07,18,2,1,RCL140-C003,2,1,asignado
MZ07,18,3,1,RCL140-C003,3,1,asignado
MZ07,18,4,1,RCL140-C003,4,1,asignado
MZ07,18,5,1,RCL140-C003,5,1,asignado
MZ07,19,1,1,null,null,null,sin_rcl
MZ07,19,2,1,null,null,null,sin_rcl
MZ07,19,3,1,null,null,null,sin_rcl
MZ07,19,4,1,null,null,null,sin_rcl
MZ07,19,5,1,null,null,null,sin_rcl
MZ07,20,1,1,RCL153-C004,1,1,asignado
MZ07,20,2,1,RCL153-C004,2,1,asignado
MZ07,20,3,1,RCL153-C004,3,1,asignado
MZ07,20,4,1,RCL153-C004,4,1,asignado
MZ07,20,5,1,RCL153-C004,5,1,asignado
MZ07,21,1,1,RCL153-C003,1,1,asignado
MZ07,21,2,1,RCL153-C003,2,1,asignado
MZ07,21,3,1,RCL153-C003,3,1,asignado
MZ07,21,4,1,RCL153-C003,4,1,asignado
MZ07,21,5,1,RCL153-C003,5,1,asignado
MZ07,22,1,1,RCL161-C003,1,1,asignado
MZ07,22,2,1,RCL161-C003,2,1,asignado
MZ07,22,3,1,RCL161-C003,3,1,asignado
MZ07,22,4,1,RCL161-C003,4,1,asignado
MZ07,22,5,1,RCL161-C003,5,1,asignado
MZ07,23,1,1,RCL174-C003,1,1,asignado
MZ07,23,2,1,RCL174-C003,2,1,asignado
MZ07,23,3,1,RCL174-C003,3,1,asignado
MZ07,23,4,1,RCL174-C003,4,1,asignado
MZ07,23,5,1,RCL174-C003,5,1,asignado
MZ07,24,1,1,RCL174-C002,1,1,asignado
MZ07,24,2,1,RCL174-C002,2,1,asignado
MZ07,24,3,1,RCL174-C002,3,1,asignado
MZ07,24,4,1,RCL174-C002,4,1,asignado
MZ07,24,5,1,RCL174-C002,5,1,asignado
MZ07,25,1,1,RCL174-C001,1,1,asignado
MZ07,25,2,1,RCL174-C001,2,1,asignado
MZ07,25,3,1,RCL174-C001,3,1,asignado
MZ07,25,4,1,RCL174-C001,4,1,asignado
MZ07,25,5,1,RCL174-C001,5,1,asignado
MZ07,26,1,1,null,null,null,sin_rcl
MZ07,26,2,1,null,null,null,sin_rcl
MZ07,26,3,1,null,null,null,sin_rcl
MZ07,26,4,1,null,null,null,sin_rcl
MZ07,26,5,1,null,null,null,sin_rcl
MZ07,27,1,1,null,null,null,sin_rcl
MZ07,27,2,1,null,null,null,sin_rcl
MZ07,27,3,1,null,null,null,sin_rcl
MZ07,27,4,1,null,null,null,sin_rcl
MZ07,27,5,1,null,null,null,sin_rcl
MZ07,28,1,1,RCL175-C004,1,1,asignado
MZ07,28,2,1,RCL175-C004,2,1,asignado
MZ07,28,3,1,RCL175-C004,3,1,asignado
MZ07,28,4,1,RCL175-C004,4,1,asignado
MZ07,28,5,1,RCL175-C004,5,1,asignado
MZ07,29,1,1,RCL180-C004,1,1,asignado
MZ07,29,2,1,RCL180-C004,2,1,asignado
MZ07,29,3,1,RCL180-C004,3,1,asignado
MZ07,29,4,1,RCL180-C004,4,1,asignado
MZ07,29,5,1,RCL180-C004,5,1,asignado
MZ07,30,1,1,RCL183-C004,1,1,asignado
MZ07,30,2,1,RCL183-C004,2,1,asignado
MZ07,30,3,1,RCL183-C004,3,1,asignado
MZ07,30,4,1,RCL183-C004,4,1,asignado
MZ07,30,5,1,RCL183-C004,5,1,asignado
MZ07,31,1,1,RCL194-C004,1,1,asignado
MZ07,31,2,1,RCL194-C004,2,1,asignado
MZ07,31,3,1,RCL194-C004,3,1,asignado
MZ07,31,4,1,RCL194-C004,4,1,asignado
MZ07,31,5,1,RCL194-C004,5,1,asignado
MZ07,32,1,1,RCL194-C003,1,1,asignado
MZ07,32,2,1,RCL194-C003,2,1,asignado
MZ07,32,3,1,RCL194-C003,3,1,asignado
MZ07,32,4,1,RCL194-C003,4,1,asignado
MZ07,32,5,1,RCL194-C003,5,1,asignado
MZ07,33,1,1,RCL201-C003,1,1,asignado
MZ07,33,2,1,RCL201-C003,2,1,asignado
MZ07,33,3,1,RCL201-C003,3,1,asignado
MZ07,33,4,1,RCL201-C003,4,1,asignado
MZ07,33,5,1,RCL201-C003,5,1,asignado
MZ07,34,1,1,RCL201-C004,1,1,asignado
MZ07,34,2,1,RCL201-C004,2,1,asignado
MZ07,34,3,1,RCL201-C004,3,1,asignado
MZ07,34,4,1,RCL201-C004,4,1,asignado
MZ07,34,5,1,RCL201-C004,5,1,asignado
MZ07,35,1,1,RCL190-C001,1,1,asignado
MZ07,35,2,1,RCL190-C001,2,1,asignado
MZ07,35,3,1,RCL190-C001,3,1,asignado
MZ07,35,4,1,RCL190-C001,4,1,asignado
MZ07,35,5,1,RCL190-C001,5,1,asignado
MZ07,36,1,1,null,null,null,sin_rcl
MZ07,36,2,1,null,null,null,sin_rcl
MZ07,36,3,1,null,null,null,sin_rcl
MZ07,36,4,1,null,null,null,sin_rcl
MZ07,36,5,1,null,null,null,sin_rcl
MZ08,1,1,1,RCL86-C004,1,1,asignado
MZ08,1,2,1,RCL86-C004,2,1,asignado
MZ08,1,3,1,RCL86-C004,3,1,asignado
MZ08,1,4,1,RCL86-C004,4,1,asignado
MZ08,1,5,1,RCL86-C004,5,1,asignado
MZ08,2,1,1,RCL86-C003,1,1,asignado
MZ08,2,2,1,RCL86-C003,2,1,asignado
MZ08,2,3,1,RCL86-C003,3,1,asignado
MZ08,2,4,1,RCL86-C003,4,1,asignado
MZ08,2,5,1,RCL86-C003,5,1,asignado
MZ08,3,1,1,RCL86-C002,1,1,asignado
MZ08,3,2,1,RCL86-C002,2,1,asignado
MZ08,3,3,1,RCL86-C002,3,1,asignado
MZ08,3,4,1,RCL86-C002,4,1,asignado
MZ08,3,5,1,RCL86-C002,5,1,asignado
MZ08,4,1,1,RCL86-C001,1,1,asignado
MZ08,4,2,1,RCL86-C001,2,1,asignado
MZ08,4,3,1,RCL86-C001,3,1,asignado
MZ08,4,4,1,RCL86-C001,4,1,asignado
MZ08,4,5,1,RCL86-C001,5,1,asignado
MZ08,5,1,1,null,null,null,sin_rcl
MZ08,5,2,1,null,null,null,sin_rcl
MZ08,5,3,1,null,null,null,sin_rcl
MZ08,5,4,1,null,null,null,sin_rcl
MZ08,5,5,1,null,null,null,sin_rcl
MZ08,6,1,1,null,null,null,sin_rcl
MZ08,6,2,1,null,null,null,sin_rcl
MZ08,6,3,1,null,null,null,sin_rcl
MZ08,6,4,1,null,null,null,sin_rcl
MZ08,6,5,1,null,null,null,sin_rcl
MZ08,7,1,1,RCL116-C003,1,1,asignado
MZ08,7,2,1,RCL116-C003,2,1,asignado
MZ08,7,3,1,RCL116-C003,3,1,asignado
MZ08,7,4,1,RCL116-C003,4,1,asignado
MZ08,7,5,1,RCL116-C003,5,1,asignado
MZ08,8,1,1,RCL152-C002,1,1,asignado
MZ08,8,2,1,RCL152-C002,2,1,asignado
MZ08,8,3,1,RCL152-C002,3,1,asignado
MZ08,8,4,1,RCL152-C002,4,1,asignado
MZ08,8,5,1,RCL152-C002,5,1,asignado
MZ08,9,1,1,RCL116-C001,1,1,asignado
MZ08,9,2,1,RCL116-C001,2,1,asignado
MZ08,9,3,1,RCL116-C001,3,1,asignado
MZ08,9,4,1,RCL116-C001,4,1,asignado
MZ08,9,5,1,RCL116-C001,5,1,asignado
MZ08,10,1,1,RCL117-C004,1,1,asignado
MZ08,10,2,1,RCL117-C004,2,1,asignado
MZ08,10,3,1,RCL117-C004,3,1,asignado
MZ08,10,4,1,RCL117-C004,4,1,asignado
MZ08,10,5,1,RCL117-C004,5,1,asignado
MZ08,11,1,1,RCL117-C003,1,1,asignado
MZ08,11,2,1,RCL117-C003,2,1,asignado
MZ08,11,3,1,RCL117-C003,3,1,asignado
MZ08,11,4,1,RCL117-C003,4,1,asignado
MZ08,11,5,1,RCL117-C003,5,1,asignado
MZ08,12,1,1,RCL126-C003,1,1,asignado
MZ08,12,2,1,RCL126-C003,2,1,asignado
MZ08,12,3,1,RCL126-C003,3,1,asignado
MZ08,12,4,1,RCL126-C003,4,1,asignado
MZ08,12,5,1,RCL126-C003,5,1,asignado
MZ08,13,1,1,RCL126-C002,1,1,asignado
MZ08,13,2,1,RCL126-C002,2,1,asignado
MZ08,13,3,1,RCL126-C002,3,1,asignado
MZ08,13,4,1,RCL126-C002,4,1,asignado
MZ08,13,5,1,RCL126-C002,5,1,asignado
MZ08,14,1,1,null,null,null,sin_rcl
MZ08,14,2,1,null,null,null,sin_rcl
MZ08,14,3,1,null,null,null,sin_rcl
MZ08,14,4,1,null,null,null,sin_rcl
MZ08,14,5,1,null,null,null,sin_rcl
MZ08,15,1,1,RCL146-C004,1,1,asignado
MZ08,15,2,1,RCL146-C004,2,1,asignado
MZ08,15,3,1,RCL146-C004,3,1,asignado
MZ08,15,4,1,RCL146-C004,4,1,asignado
MZ08,15,5,1,RCL146-C004,5,1,asignado
MZ08,16,1,1,RCL139-C001,1,1,asignado
MZ08,16,2,1,RCL139-C001,2,1,asignado
MZ08,16,3,1,RCL139-C001,3,1,asignado
MZ08,16,4,1,RCL139-C001,4,1,asignado
MZ08,16,5,1,RCL139-C001,5,1,asignado
MZ08,17,1,1,RCL147-C004,1,1,asignado
MZ08,17,2,1,RCL147-C004,2,1,asignado
MZ08,17,3,1,RCL147-C004,3,1,asignado
MZ08,17,4,1,RCL147-C004,4,1,asignado
MZ08,17,5,1,RCL147-C004,5,1,asignado
MZ08,18,1,1,null,null,null,sin_rcl
MZ08,18,2,1,null,null,null,sin_rcl
MZ08,18,3,1,null,null,null,sin_rcl
MZ08,18,4,1,null,null,null,sin_rcl
MZ08,18,5,1,null,null,null,sin_rcl
MZ08,19,1,1,null,null,null,sin_rcl
MZ08,19,2,1,null,null,null,sin_rcl
MZ08,19,3,1,null,null,null,sin_rcl
MZ08,19,4,1,null,null,null,sin_rcl
MZ08,19,5,1,null,null,null,sin_rcl
MZ08,20,1,1,RCL169-C001,1,1,asignado
MZ08,20,2,1,RCL169-C001,2,1,asignado
MZ08,20,3,1,RCL169-C001,3,1,asignado
MZ08,20,4,1,RCL169-C001,4,1,asignado
MZ08,20,5,1,RCL169-C001,5,1,asignado
MZ08,21,1,1,RCL186-C003,1,1,asignado
MZ08,21,2,1,RCL186-C003,2,1,asignado
MZ08,21,3,1,RCL186-C003,3,1,asignado
MZ08,21,4,1,RCL186-C003,4,1,asignado
MZ08,21,5,1,RCL186-C003,5,1,asignado
MZ08,22,1,1,RCL169-C002,1,1,asignado
MZ08,22,2,1,RCL169-C002,2,1,asignado
MZ08,22,3,1,RCL169-C002,3,1,asignado
MZ08,22,4,1,RCL169-C002,4,1,asignado
MZ08,22,5,1,RCL169-C002,5,1,asignado
MZ08,23,1,1,RCL168-C004,1,1,asignado
MZ08,23,2,1,RCL168-C004,2,1,asignado
MZ08,23,3,1,RCL168-C004,3,1,asignado
MZ08,23,4,1,RCL168-C004,4,1,asignado
MZ08,23,5,1,RCL168-C004,5,1,asignado
MZ08,24,1,1,RCL168-C002,1,1,asignado
MZ08,24,2,1,RCL168-C002,2,1,asignado
MZ08,24,3,1,RCL168-C002,3,1,asignado
MZ08,24,4,1,RCL168-C002,4,1,asignado
MZ08,24,5,1,RCL168-C002,5,1,asignado
MZ08,25,1,1,RCL168-C001,1,1,asignado
MZ08,25,2,1,RCL168-C001,2,1,asignado
MZ08,25,3,1,RCL168-C001,3,1,asignado
MZ08,25,4,1,RCL168-C001,4,1,asignado
MZ08,25,5,1,RCL168-C001,5,1,asignado
MZ08,26,1,1,null,null,null,sin_rcl
MZ08,26,2,1,null,null,null,sin_rcl
MZ08,26,3,1,null,null,null,sin_rcl
MZ08,26,4,1,null,null,null,sin_rcl
MZ08,26,5,1,null,null,null,sin_rcl
MZ08,27,1,1,null,null,null,sin_rcl
MZ08,27,2,1,null,null,null,sin_rcl
MZ08,27,3,1,null,null,null,sin_rcl
MZ08,27,4,1,null,null,null,sin_rcl
MZ08,27,5,1,null,null,null,sin_rcl
MZ08,28,1,1,RCL186-C002,1,1,asignado
MZ08,28,2,1,RCL186-C002,2,1,asignado
MZ08,28,3,1,RCL186-C002,3,1,asignado
MZ08,28,4,1,RCL186-C002,4,1,asignado
MZ08,28,5,1,RCL186-C002,5,1,asignado
MZ08,29,1,1,RCL186-C001,1,1,asignado
MZ08,29,2,1,RCL186-C001,2,1,asignado
MZ08,29,3,1,RCL186-C001,3,1,asignado
MZ08,29,4,1,RCL186-C001,4,1,asignado
MZ08,29,5,1,RCL186-C001,5,1,asignado
MZ08,30,1,1,RCL181-C003,1,1,asignado
MZ08,30,2,1,RCL181-C003,2,1,asignado
MZ08,30,3,1,RCL181-C003,3,1,asignado
MZ08,30,4,1,RCL181-C003,4,1,asignado
MZ08,30,5,1,RCL181-C003,5,1,asignado
MZ08,31,1,1,RCL187-C004,1,1,asignado
MZ08,31,2,1,RCL187-C004,2,1,asignado
MZ08,31,3,1,RCL187-C004,3,1,asignado
MZ08,31,4,1,RCL187-C004,4,1,asignado
MZ08,31,5,1,RCL187-C004,5,1,asignado
MZ08,32,1,1,RCL171-C001,1,1,asignado
MZ08,32,2,1,RCL171-C001,2,1,asignado
MZ08,32,3,1,RCL171-C001,3,1,asignado
MZ08,32,4,1,RCL171-C001,4,1,asignado
MZ08,32,5,1,RCL171-C001,5,1,asignado
MZ08,33,1,1,RCL164-C001,1,1,asignado
MZ08,33,2,1,RCL164-C001,2,1,asignado
MZ08,33,3,1,RCL164-C001,3,1,asignado
MZ08,33,4,1,RCL164-C001,4,1,asignado
MZ08,33,5,1,RCL164-C001,5,1,asignado
MZ08,34,1,1,RCL163-C001,1,1,asignado
MZ08,34,2,1,RCL163-C001,2,1,asignado
MZ08,34,3,1,RCL163-C001,3,1,asignado
MZ08,34,4,1,RCL163-C001,4,1,asignado
MZ08,34,5,1,RCL163-C001,5,1,asignado
MZ08,35,1,1,RCL156-C001,1,1,asignado
MZ08,35,2,1,RCL156-C001,2,1,asignado
MZ08,35,3,1,RCL156-C001,3,1,asignado
MZ08,35,4,1,RCL156-C001,4,1,asignado
MZ08,35,5,1,RCL156-C001,5,1,asignado
MZ08,36,1,1,null,null,null,sin_rcl
MZ08,36,2,1,null,null,null,sin_rcl
MZ08,36,3,1,null,null,null,sin_rcl
MZ08,36,4,1,null,null,null,sin_rcl
MZ08,36,5,1,null,null,null,sin_rcl
MZ09,1,1,1,null,null,null,sin_rcl
MZ09,1,2,1,null,null,null,sin_rcl
MZ09,1,3,1,null,null,null,sin_rcl
MZ09,1,4,1,null,null,null,sin_rcl
MZ09,1,5,1,null,null,null,sin_rcl
MZ09,2,1,1,null,null,null,sin_rcl
MZ09,2,2,1,null,null,null,sin_rcl
MZ09,2,3,1,null,null,null,sin_rcl
MZ09,2,4,1,null,null,null,sin_rcl
MZ09,2,5,1,null,null,null,sin_rcl
MZ09,3,1,1,null,null,null,sin_rcl
MZ09,3,2,1,null,null,null,sin_rcl
MZ09,3,3,1,null,null,null,sin_rcl
MZ09,3,4,1,null,null,null,sin_rcl
MZ09,3,5,1,null,null,null,sin_rcl
MZ09,4,1,1,null,null,null,sin_rcl
MZ09,4,2,1,null,null,null,sin_rcl
MZ09,4,3,1,null,null,null,sin_rcl
MZ09,4,4,1,null,null,null,sin_rcl
MZ09,4,5,1,null,null,null,sin_rcl
MZ10,1,1,1,null,null,null,sin_rcl
MZ10,1,2,1,null,null,null,sin_rcl
MZ10,1,3,1,null,null,null,sin_rcl
MZ10,1,4,1,null,null,null,sin_rcl
MZ10,1,5,1,null,null,null,sin_rcl
MZ10,2,1,1,null,null,null,sin_rcl
MZ10,2,2,1,null,null,null,sin_rcl
MZ10,2,3,1,null,null,null,sin_rcl
MZ10,2,4,1,null,null,null,sin_rcl
MZ10,2,5,1,null,null,null,sin_rcl
MZ10,3,1,1,null,null,null,sin_rcl
MZ10,3,2,1,null,null,null,sin_rcl
MZ10,3,3,1,null,null,null,sin_rcl
MZ10,3,4,1,null,null,null,sin_rcl
MZ10,3,5,1,null,null,null,sin_rcl
MZ10,4,1,1,null,null,null,sin_rcl
MZ10,4,2,1,null,null,null,sin_rcl
MZ10,4,3,1,null,null,null,sin_rcl
MZ10,4,4,1,null,null,null,sin_rcl
MZ10,4,5,1,null,null,null,sin_rcl
MZ10,5,1,1,null,null,null,sin_rcl
MZ10,5,2,1,null,null,null,sin_rcl
MZ10,5,3,1,null,null,null,sin_rcl
MZ10,5,4,1,null,null,null,sin_rcl
MZ10,5,5,1,null,null,null,sin_rcl
MZ10,6,1,1,null,null,null,sin_rcl
MZ10,6,2,1,null,null,null,sin_rcl
MZ10,6,3,1,null,null,null,sin_rcl
MZ10,6,4,1,null,null,null,sin_rcl
MZ10,6,5,1,null,null,null,sin_rcl
MZ11,1,1,1,null,null,null,sin_rcl
MZ11,1,2,1,null,null,null,sin_rcl
MZ11,1,3,1,null,null,null,sin_rcl
MZ11,1,4,1,null,null,null,sin_rcl
MZ11,1,5,1,null,null,null,sin_rcl
MZ11,2,1,1,null,null,null,sin_rcl
MZ11,2,2,1,null,null,null,sin_rcl
MZ11,2,3,1,null,null,null,sin_rcl
MZ11,2,4,1,null,null,null,sin_rcl
MZ11,2,5,1,null,null,null,sin_rcl
MZ11,3,1,1,null,null,null,sin_rcl
MZ11,3,2,1,null,null,null,sin_rcl
MZ11,3,3,1,null,null,null,sin_rcl
MZ11,3,4,1,null,null,null,sin_rcl
MZ11,3,5,1,null,null,null,sin_rcl
MZ11,4,1,1,null,null,null,sin_rcl
MZ11,4,2,1,null,null,null,sin_rcl
MZ11,4,3,1,null,null,null,sin_rcl
MZ11,4,4,1,null,null,null,sin_rcl
MZ11,4,5,1,null,null,null,sin_rcl
MZ11,5,1,1,null,null,null,sin_rcl
MZ11,5,2,1,null,null,null,sin_rcl
MZ11,5,3,1,null,null,null,sin_rcl
MZ11,5,4,1,null,null,null,sin_rcl
MZ11,5,5,1,null,null,null,sin_rcl
MZ11,6,1,1,null,null,null,sin_rcl
MZ11,6,2,1,null,null,null,sin_rcl
MZ11,6,3,1,null,null,null,sin_rcl
MZ11,6,4,1,null,null,null,sin_rcl
MZ11,6,5,1,null,null,null,sin_rcl
MZ11,7,1,1,null,null,null,sin_rcl
MZ11,7,2,1,null,null,null,sin_rcl
MZ11,7,3,1,null,null,null,sin_rcl
MZ11,7,4,1,null,null,null,sin_rcl
MZ11,7,5,1,null,null,null,sin_rcl
MZ12,1,1,1,null,null,null,sin_rcl
MZ12,1,2,1,null,null,null,sin_rcl
MZ12,1,3,1,null,null,null,sin_rcl
MZ12,1,4,1,null,null,null,sin_rcl
MZ12,1,5,1,null,null,null,sin_rcl
MZ12,2,1,1,null,null,null,sin_rcl
MZ12,2,2,1,null,null,null,sin_rcl
MZ12,2,3,1,null,null,null,sin_rcl
MZ12,2,4,1,null,null,null,sin_rcl
MZ12,2,5,1,null,null,null,sin_rcl
MZ12,3,1,1,null,null,null,sin_rcl
MZ12,3,2,1,null,null,null,sin_rcl
MZ12,3,3,1,null,null,null,sin_rcl
MZ12,3,4,1,null,null,null,sin_rcl
MZ12,3,5,1,null,null,null,sin_rcl
MZ12,4,1,1,null,null,null,sin_rcl
MZ12,4,2,1,null,null,null,sin_rcl
MZ12,4,3,1,null,null,null,sin_rcl
MZ12,4,4,1,null,null,null,sin_rcl
MZ12,4,5,1,null,null,null,sin_rcl
MZ12,5,1,1,null,null,null,sin_rcl
MZ12,5,2,1,null,null,null,sin_rcl
MZ12,5,3,1,null,null,null,sin_rcl
MZ12,5,4,1,null,null,null,sin_rcl
MZ12,5,5,1,null,null,null,sin_rcl