id,mz_pasillo,mz_columna,mz_nivel,rcl_codigo,rcl_nivel,articulo,cantidad,orden
1732,MZ01,1,N01,RCL195-C004,1,0560004,7,1
1733,MZ01,1,N05,RCL195-C004,1,92110147,18,2
1734,MZ01,1,N01,RCL195-C004,2,9111008,10,3
1735,MZ01,1,N01,RCL195-C004,3,9112036,5,4
1736,MZ01,1,N04,RCL195-C004,6,9112030,16,5
1737,MZ01,1,N04,RCL197-C002,5,3018005,491,6
1738,MZ01,1,N03,RCL200-C001,3,1205011,7,7
1739,MZ01,1,N03,RCL200-C001,4,1205023,6,8
1740,MZ01,1,N02,RCL201-C001,2,3070002,71,9
1741,MZ01,1,N02,RCL83-C004,4,7041020,47,10
1742,MZ01,1,N02,RCL83-C004,5,7041029,50,11
1771,MZ01,2,N05,RCL181-C004,2,9200154,792,1
1772,MZ01,2,N05,RCL181-C004,3,9200139,1,2
1773,MZ01,2,N01,RCL182-C004,3,0164003,24,3
1774,MZ01,2,N04,RCL182-C004,5,1558003,72,4
1775,MZ01,2,N03,RCL183-C001,4,0106010,4,5
1776,MZ01,2,N03,RCL183-C001,5,1525014,180,6
1777,MZ01,2,N02,RCL183-C002,1,0506124,8,7
1778,MZ01,2,N03,RCL183-C002,1,0506020,6,8
1779,MZ01,3,N05,RCL178-C001,2,2352326,6,1
1780,MZ01,3,N05,RCL178-C001,2,2352329,12,2
1781,MZ01,3,N05,RCL178-C001,2,2392352,1,3
1782,MZ01,3,N01,RCL179-C001,2,2392391,6,4
1783,MZ01,3,N01,RCL180-C001,1,9200192,132,5
1784,MZ01,3,N04,RCL180-C001,3,9200225,195,6
1785,MZ01,3,N04,RCL180-C001,4,9200120,8,7
1786,MZ01,3,N03,RCL180-C003,2,9200279,29,8
1787,MZ01,3,N02,RCL180-C004,2,9200199,267,9
1788,MZ01,3,N02,RCL180-C004,3,9200187,538,10
1789,MZ01,3,N02,RCL180-C004,4,9200182,17,11
1790,MZ01,3,N02,RCL181-C003,2,7550002,122,12
1815,MZ01,4,N05,RCL127-C004,3,5502159,4,1
1816,MZ01,4,N05,RCL129-C001,1,7040015,74,2
1817,MZ01,4,N05,RCL131-C001,3,3525061,3,3
1818,MZ01,4,N01,RCL134-C001,4,500302,10,4
1819,MZ01,4,N04,RCL135-C001,1,501429,10,5
1820,MZ01,4,N04,RCL135-C001,4,500410,2,6
1821,MZ01,4,N04,RCL137-C001,1,3018010,113,7
1822,MZ01,4,N03,RCL139-C001,1,5140029,32,8
1823,MZ01,4,N03,RCL141-C003,1,5180007,100,9
1824,MZ01,4,N03,RCL145-C001,3,7040300,16,10
1825,MZ01,4,N03,RCL145-C001,4,7040307,112,11
1826,MZ01,4,N02,RCL146-C002,3,5035001,5,12
1827,MZ01,4,N02,RCL146-C004,3,5203112,4,13
1828,MZ01,4,N02,RCL147-C004,1,5140003,10,14
1829,MZ01,5,N05,RCL108-C001,2,6010025,1543,1
1830,MZ01,5,N05,RCL115-C001,1,4020221,8,2
1831,MZ01,5,N05,RCL115-C003,1,0230001,27,3
1832,MZ01,5,N01,RCL117-C001,5,7060121,45,4
1833,MZ01,5,N01,RCL117-C002,3,7060200,51,5
1834,MZ01,5,N04,RCL117-C003,1,7550970,26,6
1835,MZ01,5,N04,RCL117-C003,4,7060228,22,7
1836,MZ01,5,N04,RCL118-C002,3,5170510,41,8
1837,MZ01,5,N03,RCL118-C003,5,5240417,1,9
1838,MZ01,5,N03,RCL118-C004,1,5140603,1,10
1839,MZ01,5,N03,RCL119-C001,3,3003023,778,11
1840,MZ01,5,N02,RCL119-C001,4,3003074,131,12
1841,MZ01,5,N02,RCL120-C001,3,5120416,10,13
1842,MZ01,5,N02,RCL120-C003,1,5120415,37,14
1843,MZ01,5,N02,RCL120-C004,3,3033011,1,15
1865,MZ01,6,N05,RCL188-C001,3,0560008,3,1
1866,MZ01,6,N05,RCL188-C002,2,91307023,1,2
1867,MZ01,6,N01,RCL188-C002,3,0140741,2,3
1868,MZ01,6,N01,RCL188-C002,4,0006002,30,4
1869,MZ01,6,N04,RCL188-C004,3,2321544,94,5
1870,MZ01,6,N04,RCL189-C002,4,1700127,20,6
1871,MZ01,6,N04,RCL189-C002,4,1700081,37,7
1872,MZ01,6,N04,RCL189-C002,4,1700084,12,8
1873,MZ01,6,N03,RCL189-C003,4,0130006,97,9
1874,MZ01,6,N03,RCL189-C004,5,0610037,2,10
1875,MZ01,6,N02,RCL191-C001,2,0709090,8,11
1876,MZ01,6,N02,RCL192-C001,2,0707027,49,12
1877,MZ01,6,N02,RCL193-C001,2,5009033,30,13
1878,MZ01,7,N05,RCL187-C001,3,9111514,39,1
1879,MZ01,7,N05,RCL187-C001,5,92110191,2,2
1880,MZ01,7,N05,RCL187-C001,5,92110607,6,3
1881,MZ01,7,N01,RCL187-C001,6,9112025,112,4
1882,MZ01,7,N01,RCL187-C002,1,92110185,25,5
1883,MZ01,7,N04,RCL187-C002,2,92110687,1,6
1884,MZ01,7,N01,RCL187-C002,2,9130262,31,7
1885,MZ01,7,N04,RCL187-C004,1,9111198,1,8
1886,MZ01,7,N03,RCL187-C004,3,2321540,29,9
1887,MZ01,7,N03,RCL188-C001,1,9111005,18,10
1888,MZ01,7,N02,RCL188-C001,3,2321876,2,11
1908,MZ01,8,N05,RCL178-C001,3,2392325,6,1
1909,MZ01,8,N05,RCL178-C001,4,2352018,9,2
1910,MZ01,8,N01,RCL179-C001,2,2352011,19,3
1911,MZ01,8,N01,RCL179-C001,4,2392332,4,4
1912,MZ01,8,N01,RCL180-C002,5,9200197,30,5
1913,MZ01,8,N01,RCL180-C003,2,9200238,116,6
1914,MZ01,8,N04,RCL180-C004,1,9200201,133,7
1915,MZ01,8,N04,RCL180-C004,3,9200245,372,8
1916,MZ01,8,N03,RCL180-C004,4,9200195,50,9
1917,MZ01,8,N03,RCL180-C004,5,9200178,98,10
1918,MZ01,8,N03,RCL181-C002,2,915743,365,11
1919,MZ01,8,N02,RCL181-C002,4,9200162,79,12
1920,MZ01,9,N03,RCL173-C001,1,7550361,1,1
1921,MZ01,9,N05,RCL173-C002,2,7062502,18,2
1922,MZ01,9,N05,RCL173-C002,4,7501777,78,3
1923,MZ01,9,N05,RCL173-C003,1,7550482,10,4
1924,MZ01,9,N01,RCL174-C001,1,52440492,5,5
1925,MZ01,9,N01,RCL174-C001,4,052440116,19,6
1926,MZ01,9,N01,RCL174-C002,4,7551035,145,7
1927,MZ01,9,N01,RCL174-C002,4,7550379,12,8
1928,MZ01,9,N04,RCL174-C002,5,7501074,108,9
1929,MZ01,9,N04,RCL174-C003,3,501537,69,10
1930,MZ01,9,N04,RCL174-C003,4,052440047,17,11
1931,MZ01,9,N04,RCL175-C001,2,7551036,42,12
1932,MZ01,9,N03,RCL175-C004,3,7550356,2,13
1933,MZ01,9,N03,RCL177-C001,1,1601016,2,14
1934,MZ01,9,N03,RCL177-C001,2,7002018,3,15
1935,MZ01,9,N02,RCL177-C001,3,901018,5,16
1936,MZ01,9,N02,RCL178-C001,2,2392351,11,17
1937,MZ01,9,N02,RCL178-C001,2,2352014,8,18
1938,MZ01,9,N02,RCL178-C001,2,2392374,6,19
1006,MZ01,10,N05,RCL148-C003,1,7507214,63,1
1007,MZ01,10,N05,RCL153-C002,4,2330300,33,2
1008,MZ01,10,N05,RCL155-C002,2,7502432,71,3
1009,MZ01,10,N01,RCL155-C003,2,7506862,12,4
1010,MZ01,10,N01,RCL161-C004,3,6010027,14,5
1011,MZ01,10,N01,RCL170-C001,2,7507119,257,6
1012,MZ01,10,N01,RCL173-C001,4,7501669,58,7
1013,MZ01,10,N04,RCL178-C001,2,2352322,19,8
1014,MZ01,10,N03,RCL187-C002,4,0011168,10,9
1015,MZ01,10,N03,RCL189-C002,1,0230027,131,10
1016,MZ01,10,N03,RCL189-C002,3,0230029,46,11
1017,MZ01,10,N03,RCL194-C003,3,0230007,93,12
1018,MZ01,10,N02,RCL195-C001,1,5170028,38,13
1038,MZ01,11,N05,RCL175-C003,3,052440049,95,1
1039,MZ01,11,N05,RCL176-C001,1,8352916,4,2
1040,MZ01,11,N01,RCL183-C003,4,0570015,49,3
1041,MZ01,11,N01,RCL184-C001,2,2380003,13,4
1042,MZ01,11,N01,RCL184-C001,3,2392319,6,5
1043,MZ01,11,N04,RCL187-C003,2,0011173,2,6
1044,MZ01,11,N03,RCL189-C001,4,0230010,142,7
1045,MZ01,11,N03,RCL190-C001,3,0707008,37,8
1046,MZ01,11,N03,RCL194-C001,3,0640001,155,9
1047,MZ01,11,N03,RCL194-C002,5,0490029,376,10
1048,MZ01,11,N02,RCL194-C004,4,0420001,3,11
1049,MZ01,11,N02,RCL195-C003,1,9130212,8,12
1050,MZ01,11,N02,RCL196-C002,2,0380021,36,13
1051,MZ01,11,N02,RCL196-C002,2,0420135,706,14
1052,MZ01,12,N01,RCL115-C001,4,4020215,133,1
1053,MZ01,12,N01,RCL118-C001,3,5170514,32,2
1054,MZ01,12,N01,RCL129-C001,2,7041022,20,3
1055,MZ01,12,N01,RCL131-C002,3,3040524,32,4
1056,MZ01,12,N04,RCL131-C002,4,5501135,54,5
1057,MZ01,12,N04,RCL134-C002,4,500458,18,6
1058,MZ01,12,N04,RCL149-C002,3,7506226,71,7
1059,MZ01,12,N03,RCL149-C002,5,7054001,2,8
1060,MZ01,12,N03,RCL152-C004,2,7506219,237,9
1061,MZ01,12,N03,RCL155-C003,1,7506078,7,10
1062,MZ01,12,N02,RCL162-C001,3,2385106,102,11
1063,MZ01,12,N02,RCL165-C001,2,0460953,187,12
1064,MZ01,12,N02,RCL173-C001,4,7501756,250,13
1065,MZ01,12,N02,RCL173-C003,1,7500693,100,14
1066,MZ01,12,N05,RCL201-C004,1,1143006,29,15
1067,MZ01,12,N05,RCL201-C004,2,0460146,2081,16
1068,MZ01,12,N05,RCL201-C004,4,8002023,90,17
1069,MZ01,12,N05,RCL203-C002,3,0380015,17,18
1104,MZ01,13,N03,RCL115-C001,2,4020214,153,1
1105,MZ01,13,N02,RCL118-C002,4,5180405,197,2
1106,MZ01,13,N02,RCL124-C002,3,6020452,19,3
1107,MZ01,13,N02,RCL125-C002,5,6036803,97,4
1108,MZ01,13,N02,RCL129-C001,3,7041021,31,5
1109,MZ01,13,N05,RCL189-C001,3,0640002,216,6
1110,MZ01,13,N05,RCL193-C001,2,7001367,22,7
1111,MZ01,13,N05,RCL195-C001,1,0420136,500,8
1112,MZ01,13,N01,RCL195-C001,4,0230012,129,9
1113,MZ01,13,N01,RCL196-C001,2,0490010,2,10
1114,MZ01,13,N04,RCL198-C001,3,1195036,12,11
1115,MZ01,13,N04,RCL198-C001,5,8002006,3280,12
1116,MZ01,13,N04,RCL200-C001,1,1205000,9,13
1117,MZ01,13,N04,RCL201-C004,4,8002007,821,14
1118,MZ01,13,N03,RCL202-C001,1,0610147,29,15
1119,MZ01,13,N03,RCL202-C002,4,2321058,85,16
1120,MZ01,13,N03,RCL203-C002,2,0150001,25,17
1121,MZ01,14,N05,RCL141-C003,2,5170020,318,1
1122,MZ01,14,N05,RCL142-C001,3,5140007,13,2
1123,MZ01,14,N05,RCL149-C002,1,7062404,164,3
1124,MZ01,14,N01,RCL153-C001,2,7506125,13,4
1125,MZ01,14,N01,RCL153-C003,4,7062412,62,5
1126,MZ01,14,N01,RCL155-C002,1,7506242,58,6
1127,MZ01,14,N01,RCL155-C003,3,7507246,110,7
1128,MZ01,14,N04,RCL159-C001,4,2385092,34,8
1129,MZ01,14,N04,RCL159-C002,4,878629,22,9
1130,MZ01,14,N04,RCL168-C004,3,038070002,5,10
1131,MZ01,14,N03,RCL175-C003,2,52440427,34,11
1132,MZ01,14,N03,RCL180-C002,1,9200317,51,12
1133,MZ01,14,N03,RCL180-C002,2,9200149,68,13
1134,MZ01,14,N03,RCL181-C001,4,9200327,25,14
1135,MZ01,14,N02,RCL182-C002,2,01757931,39,15
1136,MZ01,14,N02,RCL187-C002,4,2321370,175,16
1137,MZ01,14,N02,RCL187-C004,2,92110611,10,17
1138,MZ01,14,N02,RCL188-C004,2,9111576,58,18
1173,MZ01,15,N05,RCL139-C003,3,5180044,4,1
1174,MZ01,15,N05,RCL139-C004,1,5240023,12,2
1175,MZ01,15,N05,RCL145-C001,5,7040007,210,3
1176,MZ01,15,N01,RCL146-C003,3,5035002,17,4
1177,MZ01,15,N01,RCL147-C001,4,7506156,37,5
1178,MZ01,15,N01,RCL147-C002,2,7506017,25,6
1179,MZ01,15,N01,RCL147-C004,3,7507240,46,7
1180,MZ01,15,N04,RCL148-C001,1,7506422,49,8
1181,MZ01,15,N04,RCL152-C003,2,7506104,65,9
1182,MZ01,15,N04,RCL152-C003,3,9041820,50,10
1183,MZ01,15,N03,RCL152-C004,2,7090046,4,11
1184,MZ01,15,N03,RCL155-C003,2,7506154,67,12
1185,MZ01,15,N03,RCL155-C003,2,7507206,20,13
1186,MZ01,15,N02,RCL155-C003,4,7171304,51,14
1187,MZ01,15,N02,RCL157-C001,5,7054040,320,15
1188,MZ01,15,N02,RCL159-C002,2,2385093,45,16
1,MZ01,16,N05,RCL117-C002,2,7060241,318,1
2,MZ01,16,N04,RCL131-C001,4,6104588,340,2
3,MZ01,16,N04,RCL131-C002,4,5501136,268,3
4,MZ01,16,N02,RCL131-C003,4,6100130,383,4
5,MZ01,16,N02,RCL132-C001,4,6104570,2606,5
6,MZ01,16,N01,RCL136-C001,1,500110,618,6
7,MZ01,16,N02,RCL138-C004,4,5170012,858,7
8,MZ01,16,N03,RCL139-C003,4,5170015,467,8
9,MZ01,16,N04,RCL142-C001,4,7506190,411,9
10,MZ01,16,N03,RCL159-C001,2,1628821,979,10
11,MZ01,16,N05,RCL160-C002,4,665597,645,11
12,MZ01,16,N05,RCL160-C003,3,1628820,472,12
13,MZ01,16,N02,RCL160-C004,3,2352300,188,13
14,MZ01,16,N01,RCL160-C004,5,2385008,154,14
15,MZ01,16,N01,RCL164-C001,2,4530146,126,15
16,MZ01,16,N01,RCL167-C003,4,2330404,5,16
19,MZ01,17,N03,RCL117-C003,3,7060101,449,1
20,MZ01,17,N02,RCL122-C001,5,6020412,1047,2
21,MZ01,17,N05,RCL126-C004,2,6100165,51,3
22,MZ01,17,N02,RCL131-C001,4,5501125,330,4
23,MZ01,17,N01,RCL131-C002,1,6100166,197,5
24,MZ01,17,N01,RCL131-C002,4,61003012,54,6
25,MZ01,17,N03,RCL132-C002,3,3525093,92,7
26,MZ01,17,N01,RCL132-C002,4,6100127,157,8
27,MZ01,17,N04,RCL132-C003,5,6104579,111,9
28,MZ01,17,N04,RCL134-C002,2,500116,226,10
29,MZ01,17,N03,RCL134-C002,3,500117,332,11
30,MZ01,17,N05,RCL134-C003,2,500111,149,12
31,MZ01,17,N05,RCL147-C002,3,7502488,1020,13
32,MZ01,17,N04,RCL159-C004,1,2385007,257,14
33,MZ01,17,N01,RCL160-C003,1,2352302,57,15
34,MZ01,17,N02,RCL160-C003,4,1629145,462,16
35,MZ01,17,N05,RCL165-C001,5,4530158,53,17
36,MZ01,17,N02,RCL168-C003,1,2330178,283,18
37,MZ01,17,N03,RCL175-C003,3,052440038,104,19
38,MZ01,18,N04,RCL123-C001,5,6020426,76,1
39,MZ01,18,N05,RCL131-C001,4,6100129,45,2
40,MZ01,18,N04,RCL138-C004,5,5140310,202,3
41,MZ01,18,N03,RCL141-C002,3,5140039,374,4
42,MZ01,18,N03,RCL148-C002,2,7506257,455,5
43,MZ01,18,N02,RCL148-C004,5,7506136,886,6
44,MZ01,18,N01,RCL149-C001,3,7502426,423,7
45,MZ01,18,N04,RCL152-C001,3,7502404,216,8
46,MZ01,18,N03,RCL155-C001,4,7506420,239,9
47,MZ01,18,N01,RCL155-C002,3,7506200,343,10
48,MZ01,18,N01,RCL155-C003,4,7502424,1148,11
49,MZ01,18,N02,RCL159-C004,2,879165,130,12
50,MZ01,18,N05,RCL159-C004,4,961927,279,13
51,MZ01,18,N05,RCL160-C003,1,666054,72,14
52,MZ01,18,N03,RCL163-C001,2,4530148,95,15
53,MZ01,18,N02,RCL170-C001,5,052440039,23,16
56,MZ01,19,CUERPO,RCL146-C001,5,5180020,821,1
57,MZ01,20,N03,RCL138-C004,2,5170019,444,1
58,MZ01,20,N01,RCL149-C003,3,7506376,562,2
59,MZ01,20,N02,RCL152-C003,5,7601214,145,3
60,MZ01,20,N01,RCL152-C004,3,7507048,7,4
61,MZ01,20,N01,RCL155-C002,5,7502438,651,5
62,MZ01,20,N02,RCL159-C001,4,1574675,691,6
63,MZ01,20,N04,RCL159-C001,5,7702045342031,267,7
64,MZ01,20,N05,RCL160-C002,2,2330235,146,8
65,MZ01,20,N05,RCL160-C004,4,2385001,62,9
66,MZ01,20,N02,RCL166-C001,2,4530156,330,10
67,MZ01,20,N05,RCL168-C001,2,023450002,376,11
68,MZ01,20,N05,RCL172-C001,2,052440149,172,12
69,MZ01,20,N01,RCL181-C001,3,9200330,125,13
72,MZ01,21,CUERPO,RCL140-C004,1,5140015,274,1
73,MZ01,22,CUERPO,RCL127-C002,3,3525004,94,1
90,MZ01,23,CUERPO,RCL134-C002,4,500115,348,1
109,MZ01,25,CUERPO,RCL146-C001,3,5140009,192,1
110,MZ01,26,N02,RCL121-C001,3,6020434,492,1
111,MZ01,26,N04,RCL121-C001,4,6020424,273,2
112,MZ01,26,N02,RCL124-C003,4,6020416,239,3
113,MZ01,26,N05,RCL134-C001,1,7503101,230,4
114,MZ01,26,N02,RCL138-C003,4,5180003,379,5
115,MZ01,26,N04,RCL139-C001,5,5180017,509,6
116,MZ01,26,N01,RCL147-C001,3,7506404,682,7
117,MZ01,26,N03,RCL159-C002,5,2385002,261,8
118,MZ01,26,N03,RCL159-C004,3,7702045342062,485,9
119,MZ01,26,N04,RCL160-C002,3,665598,162,10
120,MZ01,26,N04,RCL161-C004,3,6010022,259,11
121,MZ01,26,N05,RCL162-C002,4,031480018,104,12
122,MZ01,26,N01,RCL166-C001,4,4530147,111,13
123,MZ01,26,N03,RCL174-C002,1,052440180,41,14
124,MZ01,26,N01,RCL176-C001,3,8352920,12,15
125,MZ01,26,N01,RCL183-C004,1,1535262,181,16
126,MZ01,26,N05,RCL197-C001,3,0380005,120,17
127,MZ01,26,N05,RCL201-C001,3,0420127,122,18
128,MZ01,26,N02,RCL201-C002,4,0380004,500,19
130,MZ01,27,N05,RCL107-C003,4,5180030,74,1
131,MZ01,27,N01,RCL117-C004,2,7060206,47,2
132,MZ01,27,N05,RCL123-C001,5,6020402,4,3
133,MZ01,27,N03,RCL131-C002,2,5501130,52,4
134,MZ01,27,N03,RCL138-C001,2,5140500,463,5
135,MZ01,27,N04,RCL152-C001,3,7090038,76,6
136,MZ01,27,N03,RCL153-C002,5,7601212,155,7
137,MZ01,27,N01,RCL155-C002,1,7506122,100,8
138,MZ01,27,N01,RCL155-C002,3,7502420,374,9
139,MZ01,27,N01,RCL158-C001,4,7090620,97,10
140,MZ01,27,N02,RCL162-C004,4,031260039,267,11
141,MZ01,27,N04,RCL175-C002,5,7501131,49,12
142,MZ01,27,N03,RCL199-C001,4,3352010,19,13
143,MZ01,27,N04,RCL201-C001,3,0420134,44,14
144,MZ01,27,N04,RCL203-C002,2,0420141,215,15
145,MZ01,28,CUERPO,RCL112-C001,1,7550974,1734,1
146,MZ01,29,CUERPO,RCL141-C003,2,0220002,35,1
147,MZ01,30,CUERPO,RCL127-C003,2,3525007,143,1
683,MZ01,31,CUERPO,RCL107-C002,1,7040010,50,1
720,MZ01,32,N03,RCL124-C001,1,6032642,89,1
721,MZ01,32,N03,RCL139-C001,4,5140045,17,2
722,MZ01,32,N02,RCL147-C003,4,7506218,260,3
723,MZ01,32,N02,RCL162-C002,3,0324400250,3,4
724,MZ01,32,N02,RCL164-C001,2,0460923,39,5
725,MZ01,32,N05,RCL175-C001,1,7501938,10,6
726,MZ01,32,N05,RCL184-C001,2,9203006,19,7
727,MZ01,32,N05,RCL189-C002,5,0230016,451,8
728,MZ01,32,N01,RCL194-C001,1,8002002,1300,9
729,MZ01,32,N01,RCL194-C001,4,1190001,73,10
730,MZ01,32,N01,RCL194-C001,5,0010068,65,11
731,MZ01,32,N04,RCL197-C001,2,1260001,17,12
732,MZ01,32,N04,RCL197-C002,4,0230013,134,13
733,MZ01,32,N04,RCL198-C001,2,1195016,19,14
734,MZ01,32,N04,RCL198-C001,3,1195024,25,15
735,MZ01,32,N03,RCL201-C001,3,0380011,117,16
736,MZ01,32,N03,RCL201-C004,3,0230041,132,17
737,MZ01,33,N05,RCL117-C001,3,7060223,12,1
738,MZ01,33,N05,RCL122-C001,2,6036809,30,2
739,MZ01,33,N05,RCL124-C004,5,6032616,119,3
740,MZ01,33,N01,RCL134-C001,5,500463,101,4
741,MZ01,33,N04,RCL136-C001,5,500090,43,5
742,MZ01,33,N04,RCL141-C001,2,5170010,129,6
743,MZ01,33,N04,RCL147-C002,3,7506280,110,7
744,MZ01,33,N04,RCL149-C003,1,7025205,188,8
745,MZ01,33,N03,RCL149-C004,1,7550784,48,9
746,MZ01,33,N03,RCL160-C003,2,7501199467122,85,10
747,MZ01,33,N03,RCL164-C001,1,6150013,26,11
748,MZ01,33,N02,RCL164-C001,3,4535412,5,12
749,MZ01,33,N02,RCL170-C001,1,7501082,50,13
750,MZ01,33,N02,RCL171-C001,2,0140846,130,14
751,MZ01,33,N02,RCL173-C003,2,7501917,8,15
770,MZ01,34,N02,RCL135-C001,6,500149,45,1
771,MZ01,34,N02,RCL141-C002,2,5140042,120,2
772,MZ01,34,N02,RCL141-C002,5,5140019,500,3
773,MZ01,34,N02,RCL146-C001,1,5180023,100,4
774,MZ01,34,N05,RCL152-C003,1,7506258,28,5
775,MZ01,34,N05,RCL155-C002,1,2395402,156,6
776,MZ01,34,N05,RCL155-C003,4,7502451,29,7
777,MZ01,34,N05,RCL166-C001,1,6150018,24,8
778,MZ01,34,N01,RCL167-C003,3,2330165,105,9
779,MZ01,34,N01,RCL170-C003,1,7501732,85,10
780,MZ01,34,N01,RCL174-C001,3,7501143,18,11
781,MZ01,34,N01,RCL185-C001,1,2380004,40,12
782,MZ01,34,N04,RCL185-C001,5,9211232,561,13
783,MZ01,34,N04,RCL187-C001,2,2321870,82,14
784,MZ01,34,N04,RCL189-C001,5,0010053,29,15
785,MZ01,34,N03,RCL194-C004,7,92110159,7,16
786,MZ01,34,N03,RCL195-C001,2,0380009,36,17
787,MZ01,34,N03,RCL198-C001,4,1195007,19,18
788,MZ01,34,N03,RCL201-C001,4,0560022,147,19
789,MZ01,35,CUERPO,RCL113-C002,3,7040009,272,1
807,MZ01,36,N05,RCL115-C003,5,0050003,435,1
808,MZ01,36,N01,RCL116-C004,2,3270100,525,2
809,MZ01,36,N01,RCL120-C001,1,5120418,36,3
810,MZ01,36,N01,RCL128-C001,4,6032003,17,4
811,MZ01,36,N01,RCL135-C001,1,7550211,15,5
812,MZ01,36,N04,RCL136-C001,4,500191,5,6
813,MZ01,36,N04,RCL147-C001,2,7506432,137,7
814,MZ01,36,N03,RCL147-C004,2,7041070,41,8
815,MZ01,36,N04,RCL149-C003,2,7090050,21,9
816,MZ01,36,N04,RCL152-C002,1,7090049,6,10
817,MZ01,36,N03,RCL152-C002,5,7506431,90,11
818,MZ01,36,N03,RCL155-C002,3,7090070,1,12
819,MZ01,36,N02,RCL171-C001,3,0140845,146,13
820,MZ01,36,N02,RCL172-C002,2,7501093,59,14
821,MZ01,36,N02,RCL174-C002,4,7500710,17,15
822,MZ01,36,N05,RCL201-C003,5,1143004,104,16
823,MZ01,36,N05,RCL201-C004,5,0420137,907,17
824,MZ01,36,N05,RCL202-C001,4,0560019,40,18
1743,MZ02,1,N05,RCL189-C003,1,1700103,25,1
1744,MZ02,1,N05,RCL190-C001,3,0709010,34,2
1745,MZ02,1,N01,RCL194-C004,2,9130248,3,3
1746,MZ02,1,N01,RCL194-C004,3,0420032,4,4
1747,MZ02,1,N01,RCL194-C004,6,2321033,18,5
1748,MZ02,1,N04,RCL194-C004,7,9112040,10,6
1749,MZ02,1,N03,RCL195-C003,3,2321030,11,7
1750,MZ02,1,N03,RCL195-C003,3,92110150,43,8
1751,MZ02,1,N04,RCL195-C003,3,9111328,11,9
1752,MZ02,1,N03,RCL195-C003,4,9111599,13,10
1753,MZ02,1,N02,RCL195-C003,6,9111078,4,11
1754,MZ02,1,N02,RCL195-C003,6,2610017507,40,12
1755,MZ02,1,N02,RCL195-C003,6,2610020209,59,13
1756,MZ02,1,N02,RCL195-C003,7,0420088,9,14
1757,MZ02,2,N05,RCL184-C001,3,2392330,8,1
1758,MZ02,2,N05,RCL184-C001,4,2392338,10,2
1759,MZ02,2,N01,RCL187-C001,1,2321875,57,3
1760,MZ02,2,N01,RCL187-C003,2,9914062,69,4
1761,MZ02,2,N01,RCL187-C003,3,9101569,18,5
1762,MZ02,2,N01,RCL187-C004,1,92110200,6,6
1763,MZ02,2,N04,RCL187-C004,2,92110578,997,7
1764,MZ02,2,N03,RCL188-C002,2,0140738,12,8
1765,MZ02,2,N03,RCL188-C002,3,0560006,5,9
1766,MZ02,2,N03,RCL188-C004,4,9111422,18,10
1767,MZ02,2,N02,RCL189-C002,4,1700124,17,11
1768,MZ02,2,N02,RCL189-C002,4,1700093,17,12
1769,MZ02,2,N02,RCL189-C003,1,1700082,4,13
1770,MZ02,2,N02,RCL189-C003,1,1700123,20,14
1791,MZ02,3,N05,RCL168-C004,4,2320020,1,1
1792,MZ02,3,N05,RCL172-C002,1,7501153,17,2
1793,MZ02,3,N05,RCL172-C002,2,7501915,18,3
1794,MZ02,3,N01,RCL172-C003,2,7551021,21,4
1795,MZ02,3,N04,RCL173-C003,1,052450011,20,5
1796,MZ02,3,N04,RCL173-C003,2,7501094,128,6
1797,MZ02,3,N04,RCL174-C002,1,052440130,14,7
1798,MZ02,3,N04,RCL174-C002,5,7551025,693,8
1799,MZ02,3,N03,RCL174-C003,3,7551064,22,9
1800,MZ02,3,N03,RCL175-C002,2,7551053,74,10
1801,MZ02,3,N03,RCL175-C003,5,7501081,22,11
1802,MZ02,3,N02,RCL175-C004,3,1109033,13,12
1803,MZ02,3,N02,RCL178-C001,1,2352328,6,13
1804,MZ02,3,N02,RCL178-C001,2,2392390,81,14
1805,MZ02,4,N05,RCL148-C004,1,7550800,23,1
1806,MZ02,4,N01,RCL149-C001,4,7507106,10,2
1807,MZ02,4,N01,RCL149-C002,2,7550720,15,3
1808,MZ02,4,N04,RCL149-C004,4,7550820,20,4
1809,MZ02,4,N04,RCL152-C004,1,7506316,78,5
1810,MZ02,4,N04,RCL153-C004,3,7507202,19,6
1811,MZ02,4,N03,RCL154-C002,5,7506429,62,7
1812,MZ02,4,N03,RCL155-C003,3,7507030,1,8
1813,MZ02,4,N02,RCL163-C001,4,0570008,12,9
1814,MZ02,4,N02,RCL168-C004,1,3300306,55,10
1844,MZ02,5,N02,RCL106-C002,1,6401022,210,1
1845,MZ02,5,N02,RCL106-C002,3,6401020,127,2
1846,MZ02,5,N02,RCL107-C003,3,6401019,87,3
1847,MZ02,5,N05,RCL195-C004,2,9112037,8,4
1848,MZ02,5,N05,RCL195-C004,6,9111111,3,5
1849,MZ02,5,N01,RCL200-C001,4,1205026,3,6
1850,MZ02,5,N04,RCL202-C002,2,0460143,327,7
1851,MZ02,5,N04,RCL83-C001,1,7060201,456,8
1852,MZ02,5,N04,RCL83-C001,5,3003005,19,9
1853,MZ02,5,N03,RCL83-C004,1,7040006,118,10
1854,MZ02,5,N03,RCL83-C004,5,7040312,114,11
1855,MZ02,5,N02,RCL85-C001,4,15005003,5,12
1856,MZ02,5,N04,RCL94-C001,5,9913008,110,13
1857,MZ02,6,N05,RCL194-C002,3,2321060,21,1
1858,MZ02,6,N05,RCL194-C004,1,9130250,16,2
1859,MZ02,6,N05,RCL194-C004,1,0420109,28,3
1860,MZ02,6,N01,RCL194-C004,4,9111248,16,4
1861,MZ02,6,N04,RCL194-C004,6,92110652,2,5
1862,MZ02,6,N04,RCL194-C004,6,2321034,17,6
1863,MZ02,6,N03,RCL195-C003,1,0420038,39,7
1864,MZ02,6,N03,RCL195-C003,4,0611700,4,8
1889,MZ02,7,N05,RCL183-C001,3,9180138,33,1
1890,MZ02,7,N05,RCL183-C001,4,0134005,50,2
1891,MZ02,7,N01,RCL183-C002,5,9180114,35,3
1892,MZ02,7,N01,RCL183-C002,5,0114015,15,4
1893,MZ02,7,N01,RCL183-C003,2,0506021,1,5
1894,MZ02,7,N04,RCL183-C003,4,0120025,54,6
1895,MZ02,7,N04,RCL183-C003,4,9180151,8,7
1896,MZ02,7,N04,RCL183-C004,1,0506017,54,8
1897,MZ02,7,N03,RCL183-C004,3,0540507,37,9
1898,MZ02,7,N03,RCL183-C004,5,0140039,70,10
1899,MZ02,7,N03,RCL184-C001,2,2392340,4,11
1900,MZ02,8,N05,RCL182-C001,5,92110227,9,1
1901,MZ02,8,N05,RCL182-C002,1,0130002,13,2
1902,MZ02,8,N05,RCL182-C002,3,0506179,55,3
1903,MZ02,8,N04,RCL182-C004,3,0506026,49,4
1904,MZ02,8,N03,RCL182-C004,4,0524057,62,5
1905,MZ02,8,N02,RCL183-C001,1,76174060553,6,6
1906,MZ02,8,N02,RCL183-C001,2,0132004,45,7
1907,MZ02,8,N02,RCL183-C001,2,0524042,24,8
1939,MZ02,9,N05,RCL168-C003,5,2320122,387,1
1940,MZ02,9,N05,RCL168-C004,1,2320208,200,2
1941,MZ02,9,N05,RCL168-C004,2,2320164,32,3
1942,MZ02,9,N01,RCL168-C004,6,2320209,29,4
1943,MZ02,9,N01,RCL170-C001,1,052450003,20,5
1944,MZ02,9,N01,RCL170-C001,1,052440134,120,6
1945,MZ02,9,N01,RCL170-C001,2,052440169,61,7
1946,MZ02,9,N04,RCL170-C001,3,7501749,221,8
1947,MZ02,9,N04,RCL170-C001,3,7501157,156,9
1948,MZ02,9,N03,RCL171-C001,5,2390021,128,10
1949,MZ02,9,N03,RCL172-C001,4,7501692,62,11
1950,MZ02,9,N03,RCL172-C002,1,7507005,22,12
1951,MZ02,9,N02,RCL172-C002,3,052440150,10,13
1952,MZ02,9,N02,RCL172-C002,4,7550618,2,14
1953,MZ02,9,N02,RCL173-C001,1,052440164,50,15
1019,MZ02,10,CUERPO,RCL181-C003,4,9200314,883,1
1020,MZ02,11,N04,RCL115-C001,3,4020216,377,1
1021,MZ02,11,N03,RCL115-C004,4,0050004,30,2
1022,MZ02,11,N03,RCL117-C003,2,7060133,282,3
1023,MZ02,11,N03,RCL117-C003,3,7060210,19,4
1024,MZ02,11,N02,RCL118-C002,1,5170507,412,5
1025,MZ02,11,N02,RCL126-C003,2,5240418,47,6
1026,MZ02,11,N02,RCL139-C002,2,5240015,20,7
1027,MZ02,11,N05,RCL196-C002,5,0560020,598,8
1028,MZ02,11,N05,RCL197-C001,4,0230008,216,9
1029,MZ02,11,N05,RCL198-C001,1,1195028,6,10
1030,MZ02,11,N01,RCL198-C001,2,1195040,23,11
1031,MZ02,11,N05,RCL198-C001,2,1195046,7,12
1032,MZ02,11,N01,RCL201-C001,4,5170031,107,13
1033,MZ02,11,N01,RCL201-C003,1,2330054,52,14
1034,MZ02,11,N01,RCL201-C003,3,8002005,580,15
1035,MZ02,11,N04,RCL202-C001,1,0150003,16,16
1036,MZ02,11,N04,RCL202-C001,2,2321045,38,17
1037,MZ02,11,N04,RCL203-C001,3,0570067,19,18
1070,MZ02,12,N05,RCL187-C001,4,92110646,7,1
1071,MZ02,12,N05,RCL187-C001,5,92110632,24,2
1072,MZ02,12,N05,RCL187-C002,3,2321536,14,3
1073,MZ02,12,N01,RCL188-C002,4,9111498,143,4
1074,MZ02,12,N01,RCL189-C001,2,0200002,33,5
1075,MZ02,12,N01,RCL189-C001,4,0010065,26,6
1076,MZ02,12,N01,RCL190-C001,2,0709200,104,7
1077,MZ02,12,N04,RCL192-C001,2,0709085,33,8
1078,MZ02,12,N04,RCL193-C001,5,8002009,2320,9
1079,MZ02,12,N04,RCL194-C001,4,0010063,295,10
1080,MZ02,12,N04,RCL194-C002,4,2330056,168,11
1081,MZ02,12,N03,RCL194-C003,2,0010064,238,12
1082,MZ02,12,N03,RCL194-C004,5,92110155,52,13
1083,MZ02,12,N03,RCL196-C001,5,0340001,36,14
1084,MZ02,12,N03,RCL196-C002,3,3265020,36,15
1085,MZ02,12,N02,RCL198-C001,4,1195035,25,16
1086,MZ02,12,N02,RCL198-C001,4,1195026,20,17
1087,MZ02,12,N02,RCL200-C001,1,1205013,10,18
1088,MZ02,12,N02,RCL200-C001,4,1205008,12,19
1089,MZ02,13,N05,RCL141-C004,4,5180005,50,1
1090,MZ02,13,N05,RCL147-C001,3,7507200,1,2
1091,MZ02,13,N05,RCL149-C001,1,7506978,66,3
1092,MZ02,13,N01,RCL149-C001,2,7506378,93,4
1093,MZ02,13,N01,RCL149-C001,4,7506109,7,5
1094,MZ02,13,N01,RCL152-C004,3,7506832,18,6
1095,MZ02,13,N01,RCL156-C001,1,7090625,20,7
1096,MZ02,13,N04,RCL167-C002,5,2330426,835,8
1097,MZ02,13,N04,RCL172-C001,2,7501911,33,9
1098,MZ02,13,N03,RCL172-C001,3,7501916,33,10
1099,MZ02,13,N03,RCL172-C002,4,7501772,8,11
1100,MZ02,13,N03,RCL174-C001,2,7501952,53,12
1101,MZ02,13,N03,RCL174-C001,3,7501145,29,13
1102,MZ02,13,N02,RCL177-C001,2,4530200,16,14
1103,MZ02,13,N02,RCL185-C001,4,9250001,3,15
1139,MZ02,14,N04,RCL104-C003,5,5120400,28,1
1140,MZ02,14,N04,RCL115-C001,1,4020220,109,2
1141,MZ02,14,N04,RCL115-C001,3,4020225,240,3
1142,MZ02,14,N04,RCL115-C002,1,4020211,98,4
1143,MZ02,14,N03,RCL119-C002,3,5120405,44,5
1144,MZ02,14,N02,RCL120-C001,2,5170403,152,6
1145,MZ02,14,N02,RCL122-C001,3,6020432,35,7
1146,MZ02,14,N02,RCL122-C001,4,6032652,18,8
1147,MZ02,14,N05,RCL201-C001,4,0420130,566,9
1148,MZ02,14,N05,RCL201-C002,1,0460140,21,10
1149,MZ02,14,N05,RCL201-C003,4,8002001,3800,11
1150,MZ02,14,N05,RCL201-C004,2,8002008,1281,12
1151,MZ02,14,N01,RCL202-C001,3,0490015,73,13
1152,MZ02,14,N01,RCL202-C002,1,0490013,68,14
1153,MZ02,14,N01,RCL202-C002,2,0490014,10,15
1154,MZ02,14,N01,RCL202-C002,3,0560021,681,16
1155,MZ02,15,N05,RCL161-C003,4,2385111,41,1
1156,MZ02,15,N05,RCL162-C001,5,3256824,27,2
1157,MZ02,15,N05,RCL168-C004,3,7062921,9,3
1158,MZ02,15,N01,RCL174-C003,4,7500712,37,4
1159,MZ02,15,N01,RCL182-C004,5,0114013,3,5
1160,MZ02,15,N01,RCL184-C001,3,2392320,3,6
1161,MZ02,15,N04,RCL186-C002,5,9101570,412,7
1162,MZ02,15,N04,RCL189-C001,3,7008302,18,8
1163,MZ02,15,N04,RCL189-C002,2,0230050,98,9
1164,MZ02,15,N04,RCL190-C001,2,0410299,58,10
1165,MZ02,15,N03,RCL194-C001,4,0010062,70,11
1166,MZ02,15,N03,RCL194-C004,5,92110154,90,12
1167,MZ02,15,N03,RCL195-C001,5,0230003,174,13
1168,MZ02,15,N03,RCL195-C002,4,0420153,197,14
1169,MZ02,15,N02,RCL197-C001,3,0230023,6,15
1170,MZ02,15,N02,RCL199-C001,3,8708005,3,16
1171,MZ02,15,N02,RCL201-C001,1,0420142,193,17
1172,MZ02,15,N02,RCL201-C001,3,0420143,14,18
1189,MZ02,16,N04,RCL120-C002,2,5120431,10,1
1190,MZ02,16,N03,RCL120-C004,3,5120442,22,2
1191,MZ02,16,N03,RCL130-C001,1,7040000,71,3
1192,MZ02,16,N02,RCL135-C001,3,501420,8,4
1193,MZ02,16,N02,RCL139-C001,3,5140044,4,5
1194,MZ02,16,N02,RCL139-C002,2,5230109,25,6
1195,MZ02,16,N02,RCL139-C003,1,5180029,25,7
1196,MZ02,16,N05,RCL199-C001,1,3352076,7,8
1197,MZ02,16,N05,RCL200-C001,4,1205027,10,9
1198,MZ02,16,N05,RCL201-C001,2,3265021,177,10
1199,MZ02,16,N05,RCL201-C002,3,7008301,165,11
1200,MZ02,16,N01,RCL201-C002,5,0410009,15,12
1201,MZ02,16,N01,RCL201-C003,4,0460147,555,13
1202,MZ02,16,N01,RCL203-C002,3,5170027,5,14
1203,MZ02,16,N01,RCL83-C004,5,7041032,10,15
1204,MZ02,17,N05,RCL183-C004,5,1515036,312,1
1205,MZ02,17,N05,RCL184-C001,2,2392328,6,2
1206,MZ02,17,N05,RCL185-C001,1,2352026,8,3
1207,MZ02,17,N01,RCL185-C001,3,2352027,3,4
1208,MZ02,17,N01,RCL188-C001,2,9111077,1,5
1209,MZ02,17,N04,RCL189-C002,1,0490026,80,6
1210,MZ02,17,N04,RCL189-C002,2,0380030,12,7
1211,MZ02,17,N04,RCL190-C001,3,0707013,17,8
1212,MZ02,17,N04,RCL194-C002,4,8002011,961,9
1213,MZ02,17,N03,RCL194-C004,5,9130210,6,10
1214,MZ02,17,N03,RCL195-C003,3,9130202,44,11
1215,MZ02,17,N03,RCL195-C003,6,9111329,12,12
1216,MZ02,17,N02,RCL195-C004,1,92110156,9,13
1217,MZ02,17,N02,RCL196-C001,4,0420133,1114,14
1218,MZ02,17,N02,RCL198-C001,3,1195033,8,15
1219,MZ02,18,N05,RCL134-C002,2,7550086,11,1
1220,MZ02,18,N05,RCL141-C001,1,5140033,23,2
1221,MZ02,18,N05,RCL148-C001,1,7507212,94,3
1222,MZ02,18,N01,RCL149-C001,2,7506402,157,4
1223,MZ02,18,N01,RCL149-C004,2,7506048,48,5
1224,MZ02,18,N01,RCL150-C001,1,VH901700AV,91,6
1225,MZ02,18,N04,RCL153-C003,2,7506449,33,7
1226,MZ02,18,N01,RCL155-C001,1,7550812,24,8
1227,MZ02,18,N04,RCL155-C003,2,7506160,220,9
1228,MZ02,18,N04,RCL161-C002,3,033010027,10,10
1229,MZ02,18,N03,RCL167-C001,1,2320124,66,11
1230,MZ02,18,N03,RCL168-C004,3,2320025,1,12
1231,MZ02,18,N04,RCL170-C002,2,7501944,211,13
1232,MZ02,18,N03,RCL170-C002,4,7501913,67,14
1233,MZ02,18,N03,RCL175-C002,4,7500834,83,15
1234,MZ02,18,N02,RCL175-C003,4,7500711,54,16
1235,MZ02,18,N02,RCL181-C001,4,9200324,4,17
1236,MZ02,19,N01,RCL115-C001,1,4020219,333,1
1237,MZ02,19,N04,RCL117-C001,5,7550928,498,2
1238,MZ02,19,N04,RCL118-C003,1,5180403,18,3
1239,MZ02,19,N04,RCL118-C003,4,5170504,760,4
1240,MZ02,19,N03,RCL119-C002,2,5120521,53,5
1241,MZ02,19,N03,RCL119-C002,4,5120438,8,6
1242,MZ02,19,N03,RCL119-C004,4,5120412,30,7
1243,MZ02,19,N03,RCL124-C004,2,6032007,38,8
1244,MZ02,19,N02,RCL130-C001,1,7040014,76,9
1245,MZ02,19,N02,RCL130-C001,2,7041014,87,10
1246,MZ02,19,N02,RCL131-C001,2,6101057,381,11
1247,MZ02,19,N02,RCL132-C004,2,61001097,17,12
1248,MZ02,19,N05,RCL198-C001,4,1195022,1,13
1249,MZ02,19,N05,RCL199-C001,2,3352042,6,14
1250,MZ02,19,N05,RCL200-C001,4,1205029,10,15
1251,MZ02,19,N05,RCL202-C002,4,0420152,125,16
1252,MZ02,19,N01,RCL203-C001,2,2321047,86,17
1253,MZ02,19,N01,RCL203-C001,4,0230020,207,18
17,MZ02,20,CUERPO,RCL153-C001,3,7506170,615,1
18,MZ02,21,CUERPO,RCL155-C001,3,7062417,1018,1
54,MZ02,22,CUERPO,RCL107-C004,4,5180021,1087,1
55,MZ02,23,CUERPO,RCL148-C002,1,7506457,556,1
70,MZ02,24,CUERPO,RCL110-C001,3,038070015,289,1
71,MZ02,25,CUERPO,RCL159-C003,1,878628,25,1
74,MZ02,26,N01,RCL134-C003,3,500113,168,1
75,MZ02,26,N02,RCL139-C004,5,5180002,459,2
76,MZ02,26,N03,RCL147-C002,4,7506238,247,3
77,MZ02,26,N01,RCL148-C001,5,7502408,965,4
78,MZ02,26,N04,RCL148-C002,3,7506223,608,5
79,MZ02,26,N02,RCL152-C002,2,7110205,251,6
80,MZ02,26,N05,RCL155-C001,2,7506256,597,7
81,MZ02,26,N01,RCL155-C001,5,7506248,370,8
82,MZ02,26,N02,RCL159-C003,3,297692,153,9
83,MZ02,26,N04,RCL160-C004,2,2352301,333,10
84,MZ02,26,N04,RCL161-C001,3,033010024,30,11
85,MZ02,26,N03,RCL162-C004,3,031480013,39,12
86,MZ02,26,N02,RCL164-C001,3,6150016,83,13
87,MZ02,26,N04,RCL167-C002,3,2330176,218,14
88,MZ02,26,N03,RCL203-C001,3,0380003,131,15
89,MZ02,27,CUERPO,RCL139-C003,5,5230104,535,1
91,MZ02,28,CUERPO,RCL126-C003,5,3525015,31,1
92,MZ02,29,N04,RCL117-C002,3,7060254,304,1
93,MZ02,29,N05,RCL134-C001,1,500118,378,2
94,MZ02,29,N03,RCL134-C001,4,500109,245,3
95,MZ02,29,N01,RCL138-C001,5,5140041,324,4
96,MZ02,29,N04,RCL138-C003,5,5180019,327,5
97,MZ02,29,N03,RCL140-C003,2,5090109,276,6
98,MZ02,29,N01,RCL147-C003,2,7090015,55,7
99,MZ02,29,N01,RCL148-C001,2,7502406,360,8
100,MZ02,29,N02,RCL148-C001,4,7040807,306,9
101,MZ02,29,N04,RCL148-C001,4,7506400,281,10
102,MZ02,29,N02,RCL160-C002,3,2352001,221,11
103,MZ02,29,N04,RCL160-C003,4,961922,476,12
104,MZ02,29,N05,RCL167-C002,4,038070013,61,13
105,MZ02,29,N02,RCL175-C001,2,052440056,593,14
106,MZ02,29,N03,RCL180-C002,4,9200250,543,15
107,MZ02,29,N01,RCL196-C002,4,0200007,206,16
108,MZ02,29,N05,RCL203-C001,2,0610151,49,17
129,MZ02,30,CUERPO,RCL104-C002,4,038070020,184,1
684,MZ02,31,N01,RCL115-C001,2,4020224,288,1
685,MZ02,31,N04,RCL115-C001,3,4020229,134,2
686,MZ02,31,N05,RCL119-C004,2,5170405,131,3
687,MZ02,31,N04,RCL123-C001,3,6010026,40,4
688,MZ02,31,N02,RCL130-C001,1,6101504,220,5
689,MZ02,31,N05,RCL134-C002,5,500141,13,6
690,MZ02,31,N03,RCL147-C003,1,7062416,60,7
691,MZ02,31,N03,RCL153-C004,3,7506152,44,8
692,MZ02,31,N02,RCL154-C002,5,7506437,95,9
693,MZ02,31,N04,RCL155-C001,4,7506114,79,10
694,MZ02,31,N04,RCL170-C003,4,7501691,25,11
695,MZ02,31,N05,RCL194-C001,3,0300719,54,12
696,MZ02,31,N01,RCL198-C001,1,1195037,31,13
697,MZ02,31,N01,RCL198-C001,1,1195001,27,14
698,MZ02,31,N02,RCL199-C001,2,5007000,24,15
699,MZ02,31,N03,RCL201-C001,4,0380027,93,16
700,MZ02,31,N02,RCL202-C001,3,0460141,6,17
701,MZ02,32,N04,RCL158-C001,1,7054069,11,1
702,MZ02,32,N03,RCL164-C001,5,4535002,22,2
703,MZ02,32,N02,RCL173-C001,3,7501139,127,3
704,MZ02,32,N05,RCL176-C001,2,7001837,22,4
705,MZ02,32,N05,RCL180-C004,2,9200123,2751,5
706,MZ02,32,N05,RCL194-C001,1,2330052,78,6
707,MZ02,32,N04,RCL194-C001,5,0420149,140,7
708,MZ02,32,N04,RCL194-C002,4,2321053,172,8
709,MZ02,32,N05,RCL194-C002,5,0230025,258,9
710,MZ02,32,N01,RCL196-C001,1,0010071,23,10
711,MZ02,32,N01,RCL196-C002,1,0230044,8,11
712,MZ02,32,N01,RCL197-C002,5,0590008,8,12
713,MZ02,32,N01,RCL198-C001,2,1195025,19,13
714,MZ02,32,N04,RCL198-C001,4,1195027,22,14
715,MZ02,32,N03,RCL200-C001,1,1205010,4,15
716,MZ02,32,N03,RCL201-C003,3,0410018,39,16
717,MZ02,32,N03,RCL202-C002,4,4020455,30,17
718,MZ02,32,N02,RCL203-C001,1,0010069,31,18
719,MZ02,32,N02,RCL203-C002,4,0180001,27,19
752,MZ02,33,CUERPO,RCL131-C003,1,6101518,185,1
753,MZ02,34,N05,RCL146-C001,1,5140020,10,1
754,MZ02,34,N05,RCL146-C003,1,5090098,32,2
755,MZ02,34,N05,RCL162-C003,4,033010026,4,3
756,MZ02,34,N05,RCL165-C001,4,0570005,35,4
757,MZ02,34,N04,RCL167-C001,1,2330168,67,5
758,MZ02,34,N04,RCL179-C001,4,2392318,17,6
759,MZ02,34,N04,RCL180-C001,1,9041043,93,7
760,MZ02,34,N01,RCL180-C002,3,9041045,483,8
761,MZ02,34,N04,RCL189-C001,1,0230009,208,9
762,MZ02,34,N03,RCL189-C001,2,0380029,11,10
763,MZ02,34,N03,RCL194-C001,5,0590012,46,11
764,MZ02,34,N03,RCL194-C003,2,0200010,48,12
765,MZ02,34,N03,RCL195-C002,5,2321049,470,13
766,MZ02,34,N02,RCL196-C002,4,0230015,123,14
767,MZ02,34,N02,RCL197-C002,3,0010061,10,15
768,MZ02,34,N02,RCL203-C001,4,0230035,12,16
769,MZ02,34,N02,RCL203-C001,4,7501218,65,17
790,MZ02,35,N04,RCL108-C001,5,6032612,29,1
791,MZ02,35,N03,RCL133-C001,5,7550083,8,2
792,MZ02,35,N03,RCL138-C003,3,5180014,27,3
793,MZ02,35,N03,RCL139-C003,1,5180040,30,4
794,MZ02,35,N03,RCL139-C004,4,5090110,18,5
795,MZ02,35,N02,RCL149-C002,3,7506126,83,6
796,MZ02,35,N02,RCL149-C003,2,7090047,11,7
797,MZ02,35,N02,RCL152-C001,2,2395401,102,8
798,MZ02,35,N05,RCL189-C002,5,0230014,239,9
799,MZ02,35,N05,RCL193-C001,1,7001840,12,10
800,MZ02,35,N05,RCL195-C001,3,0190083,38,11
801,MZ02,35,N05,RCL195-C002,5,0010078,97,12
802,MZ02,35,N01,RCL199-C001,4,3352012,7,13
803,MZ02,35,N01,RCL202-C001,1,0640008,8,14
804,MZ02,35,N01,RCL203-C002,3,0420124,144,15
805,MZ02,35,N01,RCL86-C004,5,2321993,7,16
806,MZ02,36,CUERPO,RCL125-C003,5,6032662,13,1
1954,MZ03,1,N05,RCL153-C004,3,7506880,1,1
1955,MZ03,1,N01,RCL153-C004,4,7506816,2,2
1956,MZ03,1,N01,RCL155-C001,1,7507050,16,3
1957,MZ03,1,N01,RCL155-C001,4,7506824,5,4
1958,MZ03,1,N01,RCL155-C002,4,7550835,2,5
1959,MZ03,1,N04,RCL155-C003,4,7507055,2,6
1960,MZ03,1,N03,RCL159-C003,4,5700306,4,7
1961,MZ03,1,N03,RCL160-C001,3,961918,40,8
1962,MZ03,1,N02,RCL162-C004,2,2385091,24,9
1963,MZ03,1,N02,RCL167-C004,2,2321900,8,10
1979,MZ03,2,N05,RCL119-C001,1,5120414,18,1
1980,MZ03,2,N01,RCL119-C004,1,5170407,15,2
1981,MZ03,2,N01,RCL119-C004,3,5120454,44,3
1982,MZ03,2,N03,RCL124-C001,5,6032600,128,4
1983,MZ03,2,N03,RCL126-C002,1,5500154,30,5
1984,MZ03,2,N02,RCL131-C004,2,61001651,564,6
1985,MZ03,2,N02,RCL131-C004,2,6101047,108,7
1986,MZ03,3,N05,RCL115-C004,2,0460101,18,1
1987,MZ03,3,N05,RCL115-C004,3,0420201,54,2
1988,MZ03,3,N05,RCL116-C003,2,7060005,1,3
1989,MZ03,3,N01,RCL116-C003,4,7060057,18,4
1990,MZ03,3,N01,RCL117-C002,4,7060110,5,5
1991,MZ03,3,N04,RCL117-C003,1,7060117,79,6
1992,MZ03,3,N04,RCL117-C003,2,7060221,35,7
1993,MZ03,3,N04,RCL117-C003,4,7060207,61,8
1994,MZ03,3,N04,RCL117-C004,3,7060227,18,9
1995,MZ03,3,N03,RCL118-C001,1,5240412,1,10
1996,MZ03,3,N03,RCL118-C001,2,5240411,5,11
1997,MZ03,3,N03,RCL118-C001,3,5170518,129,12
1998,MZ03,3,N02,RCL118-C002,2,5240419,3,13
1999,MZ03,3,N02,RCL118-C002,4,5170516,69,14
2000,MZ03,3,N02,RCL118-C003,1,5170521,135,15
2013,MZ03,4,N01,RCL195-C004,6,9111199,10,1
2014,MZ03,4,N04,RCL200-C001,2,1205017,4,2
2015,MZ03,4,N04,RCL200-C001,2,5010019,4,3
2016,MZ03,4,N03,RCL200-C001,4,1205034,2,4
2017,MZ03,4,N03,RCL201-C001,2,0998007,15,5
2018,MZ03,4,N03,RCL83-C002,1,2390017,180,6
2019,MZ03,4,N02,RCL83-C002,3,2390010,38,7
4466,MZ03,5,N01,RCL107-C002,5,7551089,17,1
2042,MZ03,6,N05,RCL188-C003,1,5121198,48,1
2043,MZ03,6,N03,RCL188-C003,5,0610013,9,2
2044,MZ03,6,N02,RCL188-C004,3,5120544,6,3
2045,MZ03,7,N05,RCL187-C002,3,92110612,34,1
2046,MZ03,7,N05,RCL187-C002,4,9111491,5,2
2047,MZ03,7,N05,RCL187-C003,3,92110637,42,3
2048,MZ03,7,N01,RCL187-C004,1,9111603,91,4
2049,MZ03,7,N04,RCL188-C001,1,9130279,6,5
2050,MZ03,7,N04,RCL188-C001,1,0010009,2,6
2051,MZ03,7,N04,RCL188-C001,2,9111138,5,7
2052,MZ03,7,N04,RCL188-C001,2,080596005009,49,8
2053,MZ03,7,N03,RCL188-C001,4,080596028688,32,9
2054,MZ03,7,N02,RCL188-C002,3,9111168,40,10
2055,MZ03,7,N02,RCL188-C003,1,5120542,15,11
2077,MZ03,8,N05,RCL182-C001,3,9180018,33,1
2078,MZ03,8,N01,RCL182-C001,4,0524301,4,2
2079,MZ03,8,N01,RCL182-C001,4,0540117,15,3
2080,MZ03,8,N01,RCL182-C001,4,0540075,8,4
2081,MZ03,8,N05,RCL182-C001,4,0540061,18,5
2082,MZ03,8,N04,RCL182-C002,3,0106006,14,6
2083,MZ03,8,N04,RCL182-C002,3,0540348,61,7
2084,MZ03,8,N03,RCL182-C002,4,0186022,4,8
2085,MZ03,8,N03,RCL182-C002,4,0132000,35,9
2086,MZ03,8,N04,RCL182-C002,4,0118080,118,10
2087,MZ03,8,N04,RCL182-C002,4,0524018,12,11
2088,MZ03,8,N03,RCL182-C002,5,0011155,273,12
2089,MZ03,8,N02,RCL182-C003,2,6020626,5,13
2090,MZ03,8,N02,RCL182-C003,2,0524724,12,14
2091,MZ03,9,N04,RCL180-C003,5,9200262,14,1
2092,MZ03,9,N05,RCL180-C004,5,9200196,23,2
2093,MZ03,9,N01,RCL181-C002,3,9200161,33,3
2094,MZ03,9,N01,RCL181-C002,3,9041029,16,4
2095,MZ03,9,N01,RCL181-C003,5,9200246,163,5
2096,MZ03,9,N03,RCL181-C004,3,9200248,40,6
2097,MZ03,9,N04,RCL181-C004,3,9041901,11,7
2098,MZ03,9,N03,RCL181-C004,4,9200180,353,8
2099,MZ03,9,N02,RCL182-C001,1,0540077,19,9
2100,MZ03,9,N02,RCL182-C001,1,0132001,11,10
1254,MZ03,10,N05,RCL181-C001,3,9200323,15,1
1255,MZ03,10,N01,RCL184-C001,4,2392378,9,2
1256,MZ03,10,N01,RCL188-C004,1,0140737,36,3
1257,MZ03,10,N01,RCL189-C001,1,0230043,533,4
1258,MZ03,10,N04,RCL189-C002,3,0420154,162,5
1259,MZ03,10,N04,RCL190-C001,3,0707010,36,6
1260,MZ03,10,N04,RCL191-C001,3,0709061,266,7
1261,MZ03,10,N04,RCL193-C001,1,7002016,6,8
1262,MZ03,10,N03,RCL194-C003,1,0640003,52,9
1263,MZ03,10,N03,RCL194-C004,7,0420086,9,10
1264,MZ03,10,N03,RCL195-C001,2,0380024,6,11
1265,MZ03,10,N02,RCL196-C002,4,0490020,2,12
1266,MZ03,10,N02,RCL197-C002,4,0366220,57,13
1267,MZ03,10,N02,RCL198-C001,2,1195031,20,14
1302,MZ03,11,N03,RCL115-C003,5,9110000,38,1
1303,MZ03,11,N02,RCL115-C004,4,2330010,36,2
1304,MZ03,11,N02,RCL116-C002,5,7060245,29,3
1305,MZ03,11,N05,RCL196-C002,4,5170025,28,4
1306,MZ03,11,N05,RCL197-C002,4,0230032,44,5
1307,MZ03,11,N01,RCL198-C001,1,1195013,14,6
1308,MZ03,11,N05,RCL198-C001,1,1195045,9,7
1309,MZ03,11,N05,RCL198-C001,1,1195048,21,8
1310,MZ03,11,N01,RCL200-C001,4,1205025,4,9
1311,MZ03,11,N01,RCL201-C002,5,0420131,1164,10
1312,MZ03,11,N01,RCL201-C003,1,0410019,120,11
1313,MZ03,11,N04,RCL201-C004,2,8002012,1140,12
1314,MZ03,11,N04,RCL201-C004,5,0150002,66,13
1315,MZ03,11,N04,RCL202-C002,2,2321041,66,14
1316,MZ03,11,N03,RCL202-C002,4,0230047,540,15
1317,MZ03,11,N03,RCL91-C002,5,2321991,71,16
1350,MZ03,13,N02,RCL118-C001,4,5170517,22,1
1351,MZ03,13,N02,RCL119-C003,5,5120417,1,2
1352,MZ03,13,N05,RCL195-C003,6,9111068,9,3
1353,MZ03,13,N05,RCL195-C004,4,9112039,1,4
1354,MZ03,13,N01,RCL195-C004,5,0420081,6,5
1355,MZ03,13,N01,RCL199-C001,1,3352107,4,6
1356,MZ03,13,N01,RCL200-C001,4,1195049,4,7
1357,MZ03,13,N01,RCL201-C003,2,0012001,4,8
1358,MZ03,13,N04,RCL201-C003,4,8002020,285,9
1359,MZ03,13,N04,RCL201-C003,5,0010066,56,10
1360,MZ03,13,N04,RCL201-C004,3,8002016,200,11
1361,MZ03,13,N04,RCL202-C001,2,0010052,46,12
1362,MZ03,13,N03,RCL202-C001,4,8706004,846,13
1363,MZ03,13,N03,RCL202-C002,3,4020450,19,14
1364,MZ03,14,N05,RCL187-C001,3,9111171,1,1
1365,MZ03,14,N01,RCL188-C002,5,0011156,159,2
1366,MZ03,14,N01,RCL189-C002,2,0490027,3,3
1367,MZ03,14,N04,RCL189-C002,4,1700090,18,4
1368,MZ03,14,N01,RCL189-C002,4,1700065,54,5
1369,MZ03,14,N04,RCL190-C001,3,17093218,46,6
1370,MZ03,14,N04,RCL190-C001,4,0709066,53,7
1371,MZ03,14,N04,RCL191-C001,4,1101001,20,8
1372,MZ03,14,N03,RCL192-C001,5,0709084,1,9
1373,MZ03,14,N03,RCL193-C001,3,7001993,12,10
1374,MZ03,14,N03,RCL194-C001,1,2330055,166,11
1375,MZ03,14,N03,RCL194-C001,4,0200006,1194,12
1376,MZ03,14,N02,RCL194-C002,2,8002024,197,13
1377,MZ03,14,N02,RCL194-C004,5,0420082,32,14
1407,MZ03,15,N05,RCL104-C001,3,4020210,84,1
1408,MZ03,15,N01,RCL116-C002,1,6401024,10,2
1409,MZ03,15,N04,RCL117-C001,4,7060240,202,3
1410,MZ03,15,N04,RCL117-C003,1,7060107,202,4
1411,MZ03,15,N04,RCL118-C001,1,5140601,53,5
1412,MZ03,15,N03,RCL118-C002,2,5240416,1,6
1413,MZ03,15,N03,RCL118-C002,3,5170525,82,7
1414,MZ03,15,N03,RCL118-C003,1,5170505,101,8
1415,MZ03,15,N02,RCL119-C004,1,5120535,21,9
1416,MZ03,15,N02,RCL120-C003,3,5120510,103,10
1417,MZ03,15,N02,RCL120-C003,4,5120459,23,11
1418,MZ03,15,N05,RCL203-C001,1,8670001,19,12
1419,MZ03,15,N05,RCL203-C001,1,5170029,22,13
1420,MZ03,15,N05,RCL203-C002,4,3265001,27,14
1421,MZ03,16,CUERPO,RCL120-C002,4,5120530,47,1
1439,MZ03,17,N05,RCL184-C001,3,2352013,6,1
1440,MZ03,17,N05,RCL185-C001,2,2352032,18,2
1441,MZ03,17,N01,RCL187-C001,5,9111284,35,3
1442,MZ03,17,N01,RCL187-C003,2,9111197,3,4
1443,MZ03,17,N01,RCL187-C003,3,9111504,33,5
1444,MZ03,17,N04,RCL187-C004,3,0011170,32,6
1445,MZ03,17,N04,RCL188-C001,2,9111433,481,7
1446,MZ03,17,N03,RCL190-C001,4,0707028,19,8
1447,MZ03,17,N02,RCL191-C001,1,10250001,4,9
1448,MZ03,17,N03,RCL191-C001,1,9100084,8,10
1449,MZ03,17,N02,RCL191-C001,2,0709092,26,11
1450,MZ03,17,N02,RCL193-C001,3,5009034,3,12
1451,MZ03,18,N05,RCL153-C004,2,9041818,19,1
1452,MZ03,18,N05,RCL166-C001,4,6150032,5,2
1453,MZ03,18,N05,RCL167-C003,1,2330441,4,3
1454,MZ03,18,N01,RCL168-C003,5,2320201,130,4
1455,MZ03,18,N01,RCL170-C001,2,7501149,60,5
1456,MZ03,18,N01,RCL170-C001,4,7501935,251,6
1457,MZ03,18,N04,RCL176-C001,1,8352922,9,7
1458,MZ03,18,N04,RCL177-C001,2,1500505,23,8
1459,MZ03,18,N03,RCL179-C001,3,2392331,4,9
1460,MZ03,18,N03,RCL179-C001,3,2380001,4,10
1461,MZ03,18,N03,RCL180-C001,2,9200230,4,11
1462,MZ03,18,N03,RCL181-C001,4,9200326,3,12
1463,MZ03,18,N02,RCL181-C004,3,9200227,3,13
1464,MZ03,18,N02,RCL181-C004,3,9041006,28,14
1482,MZ03,19,N02,RCL115-C004,2,0050010,11,1
1483,MZ03,19,N02,RCL116-C001,5,7060111,9,2
1484,MZ03,19,N05,RCL194-C004,3,92110143,4,3
1485,MZ03,19,N05,RCL195-C004,2,92110144,31,4
1486,MZ03,19,N01,RCL195-C004,3,92110139,3,5
1487,MZ03,19,N01,RCL198-C001,1,1195042,7,6
1488,MZ03,19,N01,RCL198-C001,1,1195044,22,7
1489,MZ03,19,N01,RCL199-C001,3,3352074,9,8
1490,MZ03,19,N04,RCL200-C001,2,1205012,8,9
1491,MZ03,19,N04,RCL200-C001,2,1205005,7,10
1492,MZ03,19,N04,RCL201-C003,2,8002014,171,11
1493,MZ03,19,N03,RCL201-C003,3,8002025,25,12
1494,MZ03,19,N03,RCL202-C002,5,2321372,10582,13
1495,MZ03,19,N03,RCL203-C001,2,4020453,83,14
1496,MZ03,19,N03,RCL203-C002,1,3070003,12,15
1497,MZ03,19,N02,RCL83-C001,2,7060212,187,16
1498,MZ03,19,N02,RCL83-C001,5,3003026,53,17
148,MZ03,20,N01,RCL131-C003,5,5500404,35,1
149,MZ03,20,N04,RCL131-C004,3,5501132,68,2
150,MZ03,20,N02,RCL134-C002,5,500121,106,3
151,MZ03,20,N05,RCL139-C004,2,5230106,224,4
152,MZ03,20,N03,RCL147-C004,4,7090040,53,5
153,MZ03,20,N03,RCL149-C002,4,7062415,249,6
154,MZ03,20,N02,RCL152-C001,1,7506123,173,7
155,MZ03,20,N05,RCL153-C004,1,7500387,133,8
156,MZ03,20,N04,RCL161-C002,5,032440015,33,9
157,MZ03,20,N05,RCL162-C003,1,3270352,72,10
158,MZ03,20,N02,RCL167-C002,2,031260007,27,11
159,MZ03,20,N05,RCL172-C001,2,7501199,49,12
160,MZ03,20,N04,RCL182-C004,2,1520017,158,13
161,MZ03,20,N02,RCL195-C001,3,0380006,86,14
162,MZ03,20,N01,RCL197-C002,5,0140032,147,15
163,MZ03,20,N03,RCL202-C001,3,0140023,64,16
184,MZ03,21,CUERPO,RCL111-C001,1,7501137,2835,1
185,MZ03,22,N04,RCL124-C002,3,6020436,242,1
186,MZ03,22,N05,RCL131-C002,2,6101230,19,2
187,MZ03,22,N01,RCL141-C004,5,5140315,260,3
188,MZ03,22,N04,RCL147-C002,4,7090009,119,4
189,MZ03,22,N02,RCL148-C002,2,7090004,187,5
190,MZ03,22,N03,RCL149-C001,2,7502448,233,6
191,MZ03,22,N03,RCL152-C002,3,7502468,439,7
192,MZ03,22,N01,RCL153-C003,4,7506253,253,8
193,MZ03,22,N05,RCL153-C003,5,7506186,141,9
194,MZ03,22,N04,RCL155-C002,5,7090024,215,10
195,MZ03,22,N05,RCL157-C001,4,7054020,92,11
196,MZ03,22,N04,RCL160-C003,5,4005531,53,12
197,MZ03,22,N02,RCL168-C001,1,38070033,396,13
198,MZ03,22,N03,RCL168-C001,2,031260041,575,14
199,MZ03,22,N01,RCL168-C002,1,031260024,24,15
200,MZ03,22,N05,RCL195-C002,4,0300720,121,16
201,MZ03,22,N02,RCL198-C001,4,1195000,109,17
202,MZ03,22,N03,RCL201-C001,3,0380002,335,18
203,MZ03,22,N01,RCL201-C002,4,0380010,240,19
204,MZ03,22,N02,RCL203-C001,3,0010055,76,20
220,MZ03,23,N01,RCL104-C001,4,5180018,135,1
221,MZ03,23,N05,RCL109-C001,3,1535267,208,2
222,MZ03,23,N05,RCL119-C002,1,5120421,57,3
223,MZ03,23,N05,RCL141-C003,4,5170018,225,4
224,MZ03,23,N02,RCL146-C004,4,5090103,135,5
225,MZ03,23,N03,RCL152-C001,3,7090026,174,6
226,MZ03,23,N03,RCL152-C001,4,7506384,194,7
227,MZ03,23,N01,RCL155-C002,4,7090016,62,8
228,MZ03,23,N04,RCL160-C002,1,1262062,76,9
229,MZ03,23,N02,RCL170-C002,2,7501687,48,10
230,MZ03,23,N04,RCL172-C003,5,7501930,1131,11
231,MZ03,23,N02,RCL176-C001,3,8352910,35,12
232,MZ03,23,N01,RCL193-C001,4,8352151,23,13
233,MZ03,23,N04,RCL196-C001,3,0380012,119,14
234,MZ03,23,N04,RCL196-C002,2,0420126,63,15
235,MZ03,23,N03,RCL197-C002,4,0140024,60,16
236,MZ03,24,N01,RCL133-C001,5,500159,442,1
237,MZ03,24,N05,RCL134-C003,3,500143,322,2
238,MZ03,24,N05,RCL138-C003,2,2385720,483,3
239,MZ03,24,N01,RCL140-C002,1,2385715,1690,4
240,MZ03,24,N04,RCL148-C001,3,7090028,154,5
241,MZ03,24,N01,RCL148-C003,2,7506252,268,6
242,MZ03,24,N02,RCL152-C003,3,7506393,384,7
243,MZ03,24,N02,RCL160-C001,3,961910,96,8
244,MZ03,24,N05,RCL163-C001,5,7054045,153,9
245,MZ03,24,N01,RCL166-C001,3,4530160,42,10
246,MZ03,24,N03,RCL168-C002,3,031260043,488,11
247,MZ03,24,N03,RCL170-C001,5,7501133,214,12
248,MZ03,24,N05,RCL173-C002,4,7502205,14,13
249,MZ03,24,N04,RCL176-C001,2,8352918,60,14
250,MZ03,24,N02,RCL181-C001,3,9200332,377,15
251,MZ03,24,N02,RCL201-C001,4,0380007,429,16
267,MZ03,25,CUERPO,RCL128-C001,1,5500067,251,1
268,MZ03,26,CUERPO,RCL146-C002,4,5240034,140,1
285,MZ03,27,CUERPO,RCL130-C001,5,7040011,481,1
303,MZ03,29,N03,RCL117-C002,5,7060203,32,1
304,MZ03,29,N03,RCL117-C004,2,7060211,89,2
305,MZ03,29,N03,RCL127-C003,5,61003016,35,3
306,MZ03,29,N01,RCL134-C001,2,7503149,184,4
307,MZ03,29,N04,RCL156-C001,4,7054030,13,5
308,MZ03,29,N01,RCL160-C001,1,2352136,73,6
309,MZ03,29,N05,RCL161-C002,2,032440019,63,7
310,MZ03,29,N04,RCL170-C003,2,7501914,203,8
311,MZ03,29,N01,RCL173-C002,3,7501910,266,9
312,MZ03,29,N02,RCL173-C002,4,7501678,303,10
313,MZ03,29,N02,RCL175-C001,5,7501210,185,11
314,MZ03,29,N05,RCL181-C004,5,1520210,703,12
315,MZ03,29,N05,RCL185-C001,4,2380006,231,13
316,MZ03,29,N02,RCL189-C002,1,0010073,14,14
317,MZ03,29,N02,RCL196-C002,2,0420128,110,15
318,MZ03,29,N04,RCL197-C001,5,0420138,36,16
319,MZ03,29,N05,RCL199-C001,4,3352002,75,17
320,MZ03,29,N03,RCL201-C002,3,0140021,66,18
321,MZ03,30,N01,RCL117-C002,1,7060204,10,1
322,MZ03,30,N01,RCL124-C002,1,6032636,71,2
323,MZ03,30,N02,RCL140-C001,2,2140002,31,3
324,MZ03,30,N04,RCL147-C001,1,7025209,46,4
325,MZ03,30,N01,RCL147-C002,1,7506458,423,5
326,MZ03,30,N03,RCL147-C004,3,7025204,1530,6
327,MZ03,30,N05,RCL149-C001,3,7506436,184,7
328,MZ03,30,N04,RCL149-C003,1,7062414,133,8
329,MZ03,30,N01,RCL166-C001,2,6150011,68,9
330,MZ03,30,N05,RCL170-C003,4,7501129,394,10
331,MZ03,30,N04,RCL172-C002,3,7501682,108,11
332,MZ03,30,N04,RCL175-C002,3,7501695,141,12
333,MZ03,30,N02,RCL184-C001,1,2392311,23,13
334,MZ03,30,N03,RCL188-C002,3,0140742,26,14
335,MZ03,30,N05,RCL195-C002,4,0300722,70,15
336,MZ03,30,N03,RCL201-C001,3,0420125,236,16
825,MZ03,31,N05,RCL146-C002,3,5140046,36,1
826,MZ03,31,N05,RCL156-C001,4,7054041,4,2
827,MZ03,31,N05,RCL161-C004,4,6032004,15,3
828,MZ03,31,N01,RCL166-C001,1,4530155,23,4
829,MZ03,31,N01,RCL166-C001,2,6100123,101,5
830,MZ03,31,N01,RCL168-C004,3,3300308,19,6
831,MZ03,31,N04,RCL180-C001,2,9041059,96,7
832,MZ03,31,N04,RCL180-C001,4,9200185,804,8
833,MZ03,31,N04,RCL180-C002,2,9200224,191,9
834,MZ03,31,N04,RCL185-C001,3,2392327,8,10
835,MZ03,31,N03,RCL189-C002,5,0230022,245,11
836,MZ03,31,N03,RCL190-C001,4,0707007,25,12
837,MZ03,31,N03,RCL196-C001,5,0230036,39,13
838,MZ03,31,N02,RCL198-C001,1,1195038,46,14
839,MZ03,31,N02,RCL199-C001,4,3352162,5,15
840,MZ03,31,N02,RCL201-C001,4,0380014,14,16
841,MZ03,31,N02,RCL201-C002,1,0410003,8,17
878,MZ03,32,CUERPO,RCL187-C002,2,9111430,2367,1
879,MZ03,33,N04,RCL110-C001,1,7550728,365,1
880,MZ03,33,N04,RCL115-C001,3,4020226,178,2
881,MZ03,33,N03,RCL117-C003,2,7060115,47,3
882,MZ03,33,N03,RCL118-C003,4,5170522,81,4
883,MZ03,33,N03,RCL121-C001,5,5120428,367,5
884,MZ03,33,N03,RCL135-C001,6,7550081,3,6
885,MZ03,33,N02,RCL136-C001,4,7503517,96,7
886,MZ03,33,N02,RCL137-C001,3,3018102,17,8
887,MZ03,33,N02,RCL139-C003,1,5230107,95,9
888,MZ03,33,N02,RCL147-C001,2,7090012,26,10
889,MZ03,33,N05,RCL196-C001,2,0611024,5,11
890,MZ03,33,N05,RCL197-C002,1,2321042,26,12
891,MZ03,33,N01,RCL198-C001,1,1195030,12,13
892,MZ03,33,N01,RCL199-C001,1,3352014,7,14
893,MZ03,33,N01,RCL199-C001,3,8708003,7,15
894,MZ03,33,N01,RCL199-C001,4,8708001,13,16
895,MZ03,33,N04,RCL199-C001,5,0010059,78,17
896,MZ03,33,N04,RCL200-C001,5,0230031,61,18
913,MZ03,34,N04,RCL116-C004,2,0050008,159,1
914,MZ03,34,N04,RCL118-C003,2,5180406,55,2
915,MZ03,34,N03,RCL119-C004,2,5120450,107,3
916,MZ03,34,N03,RCL129-C001,4,7040001,94,4
917,MZ03,34,N03,RCL134-C003,2,500158,128,5
918,MZ03,34,N02,RCL135-C001,5,500190,23,6
919,MZ03,34,N02,RCL136-C001,4,7504007,16,7
920,MZ03,34,N02,RCL139-C001,4,5240042,21,8
921,MZ03,34,N05,RCL197-C002,3,0570069,158,9
922,MZ03,34,N05,RCL198-C001,3,1195041,30,10
923,MZ03,34,N05,RCL198-C001,4,1195012,28,11
924,MZ03,34,N01,RCL199-C001,3,3352040,6,12
925,MZ03,34,N01,RCL199-C001,4,3352008,11,13
926,MZ03,34,N01,RCL203-C001,3,7501216,21,14
927,MZ03,34,N01,RCL203-C002,1,3270110,36,15
928,MZ03,35,N05,RCL141-C003,4,5170021,9,1
929,MZ03,35,N05,RCL148-C004,4,7506424,66,2
930,MZ03,35,N01,RCL155-C003,4,7502414,43,3
931,MZ03,35,N01,RCL155-C004,1,7550802,57,4
932,MZ03,35,N01,RCL167-C004,4,023450001,83,5
933,MZ03,35,N04,RCL167-C004,5,031480006,51,6
934,MZ03,35,N04,RCL181-C001,3,9200322,27,7
935,MZ03,35,N04,RCL188-C001,3,9111602,153,8
936,MZ03,35,N04,RCL190-C001,2,0205001,11,9
937,MZ03,35,N03,RCL194-C001,2,0200005,244,10
938,MZ03,35,N03,RCL194-C002,2,0460148,446,11
939,MZ03,35,N03,RCL194-C002,5,0420148,287,12
940,MZ03,35,N03,RCL194-C004,3,0420079,13,13
941,MZ03,35,N02,RCL195-C001,2,0380022,39,14
942,MZ03,35,N02,RCL195-C001,5,0420139,683,15
943,MZ03,35,N02,RCL195-C002,1,0490016,28,16
944,MZ03,35,N02,RCL197-C002,1,0130023,21,17
981,MZ03,36,N01,RCL115-C001,1,4020228,149,1
982,MZ03,36,N04,RCL115-C001,4,4020223,162,2
983,MZ03,36,N04,RCL116-C002,4,6095000,5,3
984,MZ03,36,N04,RCL117-C002,4,7060106,260,4
985,MZ03,36,N04,RCL119-C002,4,5120408,24,5
986,MZ03,36,N03,RCL124-C002,2,6032626,23,6
987,MZ03,36,N03,RCL131-C002,2,5500408,8,7
988,MZ03,36,N03,RCL134-C001,3,500199,30,8
989,MZ03,36,N03,RCL134-C001,4,5001432,90,9
990,MZ03,36,N02,RCL135-C001,2,500476,8,10
991,MZ03,36,N02,RCL141-C003,1,5140049,71,11
992,MZ03,36,N02,RCL153-C001,1,7090011,9,12
993,MZ03,36,N05,RCL198-C001,4,1195015,24,13
994,MZ03,36,N05,RCL200-C001,4,1205024,4,14
995,MZ03,36,N05,RCL201-C002,1,0490021,6,15
996,MZ03,36,N05,RCL201-C002,2,0420140,522,16
997,MZ03,36,N01,RCL201-C004,5,0460145,11,17
998,MZ03,36,N01,RCL202-C001,3,0010056,6,18
999,MZ03,36,N01,RCL203-C002,2,2321048,24,19
1964,MZ04,1,N05,RCL147-C004,2,7506103,4,1
1965,MZ04,1,N05,RCL148-C001,1,7506222,65,2
1966,MZ04,1,N05,RCL148-C003,1,7506268,9,3
1967,MZ04,1,N01,RCL148-C004,3,7506890,1,4
1968,MZ04,1,N01,RCL149-C001,4,7506634,2,5
1969,MZ04,1,N03,RCL153-C002,2,7507042,31,6
1970,MZ04,2,N05,RCL132-C004,2,61001811,132,1
1971,MZ04,2,N05,RCL134-C001,3,7503602,15,2
1972,MZ04,2,N05,RCL134-C001,5,7507262,66,3
1973,MZ04,2,N01,RCL134-C004,1,7500518,7,4
1974,MZ04,2,N04,RCL134-C004,4,7500513,6,5
1975,MZ04,2,N04,RCL134-C004,4,7500520,12,6
1976,MZ04,2,N04,RCL135-C001,4,7503131,16,7
1977,MZ04,2,N02,RCL147-C004,2,7502452,22,8
1978,MZ04,2,N02,RCL147-C004,3,7507247,1,9
2001,MZ04,3,N04,RCL106-C002,1,6401003,174,1
2002,MZ04,3,N02,RCL115-C002,3,2330014,17,2
2003,MZ04,3,N03,RCL115-C002,3,3080005,4,3
2004,MZ04,3,N02,RCL115-C003,1,0560100,3,4
2005,MZ04,3,N02,RCL115-C003,3,3256014,263,5
2006,MZ04,3,N05,RCL83-C002,4,2390012,9,6
2007,MZ04,3,N05,RCL83-C003,2,3270302,24,7
2008,MZ04,3,N01,RCL83-C004,2,1500508,10,8
2009,MZ04,3,N01,RCL83-C004,3,7041030,8,9
2010,MZ04,3,N01,RCL85-C001,2,1515037,727,10
2011,MZ04,3,N01,RCL85-C001,5,7041027,22,11
2012,MZ04,3,N04,RCL86-C004,5,2320004,56,12
2026,MZ04,5,CUERPO,RCL195-C002,3,0998006,800,1
2027,MZ04,6,N05,RCL188-C004,5,92110224,63,1
2028,MZ04,6,N01,RCL189-C002,4,1700070,5,2
2029,MZ04,6,N05,RCL189-C002,4,1700101,9,3
2030,MZ04,6,N05,RCL189-C002,4,1700136,22,4
2031,MZ04,6,N01,RCL189-C003,1,1700097,23,5
2032,MZ04,6,N01,RCL189-C003,1,1700092,19,6
2033,MZ04,6,N04,RCL189-C003,2,9180020,17,7
2034,MZ04,6,N04,RCL190-C001,4,0709011,24,8
2035,MZ04,6,N03,RCL192-C001,4,0200100,7,9
2036,MZ04,6,N03,RCL192-C001,5,17093221,9,10
2037,MZ04,6,N03,RCL193-C001,1,9700000,6,11
2038,MZ04,6,N03,RCL193-C001,3,9700002,2,12
2039,MZ04,6,N02,RCL194-C004,1,9130238,53,13
2040,MZ04,6,N02,RCL194-C004,3,2610020210,24,14
2041,MZ04,6,N02,RCL194-C004,4,0420030,6,15
2056,MZ04,7,N05,RCL183-C003,3,0524540,7,1
2057,MZ04,7,N01,RCL183-C004,3,0540506,15,2
2058,MZ04,7,N01,RCL183-C004,4,0526232,44,3
2059,MZ04,7,N01,RCL183-C004,5,0126045,83,4
2060,MZ04,7,N04,RCL186-C001,5,0006001,56,5
2061,MZ04,7,N04,RCL187-C001,1,92110201,9,6
2062,MZ04,7,N03,RCL187-C001,3,92110196,1,7
2063,MZ04,7,N03,RCL187-C001,4,2321010,263,8
2064,MZ04,7,N02,RCL187-C001,5,9130278,4,9
2065,MZ04,7,N02,RCL187-C001,5,9111530,47,10
2066,MZ04,7,N03,RCL187-C001,5,92110613,171,11
2067,MZ04,7,N02,RCL187-C001,6,2608605070,183,12
2068,MZ04,8,N05,RCL182-C003,3,9180109,76,1
2069,MZ04,8,N05,RCL182-C003,4,0524087,30,2
2070,MZ04,8,N01,RCL182-C004,3,0526360,182,3
2071,MZ04,8,N04,RCL182-C004,4,0506233,37,4
2072,MZ04,8,N04,RCL182-C004,4,0524054,3,5
2073,MZ04,8,N03,RCL183-C002,2,0120018,28,6
2074,MZ04,8,N03,RCL183-C002,2,0540034,24,7
2075,MZ04,8,N03,RCL183-C002,3,0524117,58,8
2076,MZ04,8,N03,RCL183-C002,4,0506125,16,9
2101,MZ04,9,N05,RCL175-C004,5,052440115,160,1
2102,MZ04,9,N04,RCL179-C001,2,2392369,6,2
2103,MZ04,9,N04,RCL179-C001,2,2392386,19,3
2104,MZ04,9,N04,RCL180-C001,2,9200374,2,4
2105,MZ04,9,N03,RCL180-C002,5,9200556,102,5
2106,MZ04,9,N03,RCL180-C003,2,9200587,19,6
1268,MZ04,10,N05,RCL152-C002,4,7090045,12,1
1269,MZ04,10,N05,RCL153-C002,3,7506106,46,2
1270,MZ04,10,N05,RCL155-C001,1,7506056,10,3
1271,MZ04,10,N01,RCL155-C001,4,7110201,10,4
1272,MZ04,10,N01,RCL155-C003,4,7062407,5,5
1273,MZ04,10,N01,RCL168-C004,2,2320022,3,6
1274,MZ04,10,N04,RCL170-C001,5,7550239,111,7
1275,MZ04,10,N04,RCL173-C003,1,7501148,30,8
1276,MZ04,10,N04,RCL174-C001,4,7551004,14,9
1277,MZ04,10,N04,RCL175-C003,4,7090521,64,10
1278,MZ04,10,N03,RCL177-C001,3,8352211,8,11
1279,MZ04,10,N03,RCL177-C001,3,3352003,7,12
1280,MZ04,10,N03,RCL178-C001,2,2392402,10,13
1281,MZ04,10,N02,RCL179-C001,4,2392370,35,14
1282,MZ04,10,N02,RCL180-C001,1,9041058,253,15
1283,MZ04,10,N02,RCL180-C002,3,9041060,54,16
1284,MZ04,10,N02,RCL180-C004,3,9200138,113,17
1285,MZ04,11,N05,RCL117-C001,2,7060113,189,1
1286,MZ04,11,N05,RCL117-C003,5,7550972,123,2
1287,MZ04,11,N05,RCL118-C001,3,5170519,54,3
1288,MZ04,11,N05,RCL118-C004,3,5140600,660,4
1289,MZ04,11,N01,RCL119-C003,5,5120452,10,5
1290,MZ04,11,N01,RCL119-C004,5,5120550,129,6
1291,MZ04,11,N01,RCL120-C001,2,5120457,34,7
1292,MZ04,11,N01,RCL120-C001,5,5120519,98,8
1293,MZ04,11,N04,RCL120-C003,5,5120506,8,9
1294,MZ04,11,N04,RCL124-C003,3,6032008,15,10
1295,MZ04,11,N04,RCL125-C004,3,6032622,41,11
1296,MZ04,11,N04,RCL134-C003,3,7503059,6,12
1297,MZ04,11,N03,RCL139-C001,2,5140051,10,13
1298,MZ04,11,N03,RCL147-C001,4,7550754,21,14
1299,MZ04,11,N02,RCL148-C003,2,7506116,17,15
1300,MZ04,11,N02,RCL149-C004,3,7506834,7,16
1301,MZ04,11,N02,RCL149-C004,3,7506108,10,17
1319,MZ04,12,N05,RCL179-C001,3,2392342,8,1
1320,MZ04,12,N05,RCL180-C001,2,9200251,34,2
1321,MZ04,12,N05,RCL180-C002,1,9200233,457,3
1322,MZ04,12,N05,RCL180-C002,1,9200242,16,4
1323,MZ04,12,N01,RCL181-C003,3,9041032,774,5
1324,MZ04,12,N01,RCL183-C002,2,01759480,60,6
1325,MZ04,12,N04,RCL187-C002,4,0011166,65,7
1326,MZ04,12,N04,RCL188-C004,1,92110631,13,8
1327,MZ04,12,N03,RCL188-C004,2,0610968,57,9
1328,MZ04,12,N03,RCL189-C001,3,0010077,18,10
1329,MZ04,12,N03,RCL194-C004,1,9130237,30,11
1330,MZ04,12,N03,RCL194-C004,4,92110141,25,12
1331,MZ04,12,N02,RCL194-C004,6,9111351,2,13
1332,MZ04,12,N02,RCL195-C001,4,0460144,58,14
1333,MZ04,12,N02,RCL195-C003,2,9111030,25,15
1334,MZ04,12,N02,RCL196-C002,1,0230004,169,16
1335,MZ04,13,N05,RCL120-C004,1,5120467,13,1
1336,MZ04,13,N05,RCL134-C002,1,500174,54,2
1337,MZ04,13,N05,RCL139-C002,1,5140002,4,3
1338,MZ04,13,N01,RCL145-C001,2,7040302,22,4
1339,MZ04,13,N01,RCL147-C003,1,7550798,51,5
1340,MZ04,13,N01,RCL152-C001,1,7041105,10,6
1341,MZ04,13,N04,RCL152-C004,1,7506225,110,7
1342,MZ04,13,N04,RCL153-C002,2,7506212,44,8
1343,MZ04,13,N04,RCL153-C004,2,7506840,24,9
1344,MZ04,13,N03,RCL155-C002,5,7550806,12,10
1345,MZ04,13,N03,RCL160-C003,4,1109002,31,11
1346,MZ04,13,N03,RCL167-C004,4,3300209,102,12
1347,MZ04,13,N02,RCL172-C003,3,501500,94,13
1348,MZ04,13,N02,RCL173-C001,4,7501084,2,14
1349,MZ04,13,N02,RCL179-C001,2,2392371,6,15
1378,MZ04,14,N05,RCL152-C002,1,7502478,29,1
1379,MZ04,14,N05,RCL152-C004,3,7506138,32,2
1380,MZ04,14,N05,RCL153-C001,1,7502470,80,3
1381,MZ04,14,N01,RCL155-C001,4,7506010,34,4
1382,MZ04,14,N01,RCL155-C001,4,7506991,15,5
1383,MZ04,14,N01,RCL155-C003,2,7506270,9,6
1384,MZ04,14,N04,RCL165-C001,2,0460031,10,7
1385,MZ04,14,N04,RCL166-C001,5,0570002,28,8
1386,MZ04,14,N04,RCL167-C001,1,2320202,144,9
1387,MZ04,14,N03,RCL173-C001,1,7501147,38,10
1388,MZ04,14,N03,RCL173-C002,2,7501158,32,11
1389,MZ04,14,N02,RCL176-C001,2,8705000,12,12
1390,MZ04,14,N02,RCL180-C003,1,9200229,25,13
1391,MZ04,14,N02,RCL181-C001,3,9200325,97,14
1392,MZ04,14,N02,RCL181-C001,4,9200321,20,15
1393,MZ04,15,N01,RCL132-C003,1,5502170,3,1
1394,MZ04,15,N01,RCL134-C001,5,7550695,6,2
1395,MZ04,15,N01,RCL135-C001,3,500142,47,3
1396,MZ04,15,N01,RCL135-C001,4,7503055,16,4
1397,MZ04,15,N04,RCL139-C004,3,7550082,88,5
1398,MZ04,15,N04,RCL141-C001,1,5140032,15,6
1399,MZ04,15,N04,RCL141-C003,1,5170022,21,7
1400,MZ04,15,N04,RCL145-C001,4,7041539,5,8
1401,MZ04,15,N03,RCL148-C004,1,7506830,6,9
1402,MZ04,15,N03,RCL148-C004,3,7506438,12,10
1403,MZ04,15,N02,RCL149-C003,3,7507216,10,11
1404,MZ04,15,N02,RCL149-C004,2,7506027,30,12
1405,MZ04,15,N02,RCL149-C004,4,7550804,34,13
1406,MZ04,15,N02,RCL151-C001,4,2235005,14,14
1422,MZ04,16,CUERPO,RCL117-C003,5,7060120,100,1
1423,MZ04,17,N05,RCL194-C001,4,2321038,23,1
1424,MZ04,17,N05,RCL194-C004,1,0420111,3,2
1425,MZ04,17,N05,RCL194-C004,1,9111093,7,3
1426,MZ04,17,N05,RCL194-C004,5,0420122,17,4
1427,MZ04,17,N01,RCL195-C002,1,0560017,1800,5
1428,MZ04,17,N01,RCL195-C002,2,0130026,717,6
1429,MZ04,17,N01,RCL195-C003,5,92110152,28,7
1430,MZ04,17,N04,RCL195-C004,2,0420087,8,8
1431,MZ04,17,N04,RCL195-C004,2,9111412,8,9
1432,MZ04,17,N03,RCL195-C004,7,0011153,81,10
1433,MZ04,17,N03,RCL197-C002,2,2321044,26,11
1434,MZ04,17,N03,RCL198-C001,1,1195029,12,12
1435,MZ04,17,N02,RCL201-C001,1,0410016,10,13
1436,MZ04,17,N02,RCL201-C003,1,8002019,21,14
1437,MZ04,17,N02,RCL202-C001,4,0490009,40,15
1438,MZ04,17,N02,RCL202-C002,4,0230052,398,16
1465,MZ04,18,N05,RCL117-C002,3,7060109,14,1
1466,MZ04,18,N05,RCL117-C003,2,7060112,471,2
1467,MZ04,18,N05,RCL117-C004,5,7060213,41,3
1468,MZ04,18,N05,RCL118-C004,2,5240407,58,4
1469,MZ04,18,N01,RCL119-C004,1,5170404,35,5
1470,MZ04,18,N01,RCL123-C001,5,6020410,37,6
1471,MZ04,18,N04,RCL132-C001,3,5003462,5,7
1472,MZ04,18,N04,RCL134-C002,4,500457,3,8
1473,MZ04,18,N04,RCL134-C003,2,7503410,11,9
1474,MZ04,18,N03,RCL139-C001,1,5170009,121,10
1475,MZ04,18,N03,RCL146-C002,2,5180062,9,11
1476,MZ04,18,N03,RCL149-C001,2,7506130,36,12
1477,MZ04,18,N02,RCL149-C002,1,7506430,114,13
1478,MZ04,18,N02,RCL152-C001,5,7502482,248,14
1479,MZ04,18,N02,RCL153-C001,1,7062405,55,15
1480,MZ04,18,N02,RCL153-C003,1,7506742,37,16
1481,MZ04,19,CUERPO,RCL125-C004,5,5120441,73,1
164,MZ04,20,CUERPO,RCL105-C003,4,5140014,103,1
165,MZ04,21,N01,RCL106-C002,4,052440165,697,1
166,MZ04,21,N05,RCL131-C002,1,6104580,75,2
167,MZ04,21,N02,RCL131-C003,2,6101058,75,3
168,MZ04,21,N05,RCL138-C002,4,2385705,985,4
169,MZ04,21,N03,RCL138-C003,5,5120301,209,5
170,MZ04,21,N04,RCL138-C004,3,5230103,165,6
171,MZ04,21,N03,RCL139-C002,4,2385710,1675,7
172,MZ04,21,N02,RCL139-C003,4,2385700,436,8
173,MZ04,21,N04,RCL147-C003,4,7500388,162,9
174,MZ04,21,N04,RCL148-C001,2,2395406,166,10
175,MZ04,21,N03,RCL149-C002,3,7506246,492,11
176,MZ04,21,N02,RCL152-C001,2,7090030,143,12
177,MZ04,21,N05,RCL161-C004,1,032440028,38,13
178,MZ04,21,N02,RCL162-C001,3,031260044,132,14
179,MZ04,21,N04,RCL165-C001,4,6150012,16,15
180,MZ04,21,N03,RCL166-C001,2,0570011,60,16
181,MZ04,21,N01,RCL187-C001,2,92110226,147,17
182,MZ04,21,N05,RCL191-C001,5,2321435,2921,18
183,MZ04,21,N01,RCL203-C001,2,2321052,75,19
205,MZ04,22,N03,RCL117-C001,1,7550920,279,1
206,MZ04,22,N01,RCL124-C001,1,6020418,102,2
207,MZ04,22,N03,RCL134-C001,2,500112,413,3
208,MZ04,22,N04,RCL138-C002,2,5180022,231,4
209,MZ04,22,N01,RCL139-C002,2,5170013,596,5
210,MZ04,22,N05,RCL146-C002,5,5140008,111,6
211,MZ04,22,N04,RCL155-C002,1,7502428,115,7
212,MZ04,22,N02,RCL161-C003,1,038070016,46,8
213,MZ04,22,N02,RCL167-C004,2,2330437,150,9
214,MZ04,22,N02,RCL173-C001,3,7501924,3,10
215,MZ04,22,N01,RCL173-C003,4,7501144,413,11
216,MZ04,22,N03,RCL180-C002,2,9200277,478,12
217,MZ04,22,N04,RCL193-C001,2,7001838,2,13
218,MZ04,22,N04,RCL201-C002,2,0611023,738,14
219,MZ04,23,CUERPO,RCL106-C001,3,7501135,689,1
252,MZ04,24,CUERPO,RCL99-C001,2,5500197,26,1
253,MZ04,25,N02,RCL113-C002,4,1520018,1144,1
254,MZ04,25,N01,RCL117-C004,1,7060208,49,2
255,MZ04,25,N03,RCL138-C001,2,5230102,341,3
256,MZ04,25,N04,RCL139-C002,3,5230105,171,4
257,MZ04,25,N05,RCL139-C002,5,5180010,530,5
258,MZ04,25,N03,RCL149-C001,4,7090034,105,6
259,MZ04,25,N01,RCL153-C003,4,7090039,100,7
260,MZ04,25,N04,RCL155-C001,1,7090032,50,8
261,MZ04,25,N01,RCL161-C002,4,038070012,317,9
262,MZ04,25,N02,RCL176-C001,2,8352912,99,10
263,MZ04,25,N03,RCL184-C001,4,2392305,109,11
264,MZ04,25,N02,RCL197-C001,3,0010074,10,12
265,MZ04,25,N04,RCL198-C001,3,1195002,35,13
266,MZ04,25,N01,RCL201-C002,2,0420144,177,14
269,MZ04,26,N02,RCL139-C001,2,5140311,83,1
270,MZ04,26,N03,RCL140-C002,4,5240033,234,2
271,MZ04,26,N05,RCL147-C003,4,7506215,587,3
272,MZ04,26,N02,RCL147-C004,1,7506389,431,4
273,MZ04,26,N03,RCL147-C004,1,7502442,122,5
274,MZ04,26,N03,RCL152-C003,1,7110206,83,6
275,MZ04,26,N04,RCL155-C002,2,7506202,1348,7
276,MZ04,26,N04,RCL159-C003,5,297686,81,8
277,MZ04,26,N02,RCL167-C003,1,2330436,4,9
278,MZ04,26,N05,RCL168-C002,2,38070031,277,10
279,MZ04,26,N03,RCL169-C002,4,7501728,569,11
280,MZ04,26,N05,RCL170-C002,5,7501686,363,12
281,MZ04,26,N01,RCL172-C001,3,7501127,389,13
282,MZ04,26,N01,RCL195-C002,3,0200004,122,14
283,MZ04,26,N04,RCL197-C002,2,2321046,102,15
284,MZ04,26,N04,RCL201-C002,4,0380008,59,16
286,MZ04,28,N01,RCL139-C002,1,2385721,198,1
287,MZ04,28,N03,RCL141-C004,2,5140001,164,2
288,MZ04,28,N02,RCL149-C001,4,7062420,215,3
289,MZ04,28,N02,RCL152-C002,3,7506844,16,4
290,MZ04,28,N04,RCL159-C002,3,879154,366,5
291,MZ04,28,N02,RCL160-C004,1,2385009,102,6
292,MZ04,28,N01,RCL161-C003,3,032440016,84,7
293,MZ04,28,N05,RCL162-C001,4,023450005,210,8
294,MZ04,28,N05,RCL165-C001,5,6150025,85,9
295,MZ04,28,N02,RCL173-C001,5,7501086,239,10
296,MZ04,28,N01,RCL173-C001,5,524401981,204,11
297,MZ04,28,N04,RCL194-C002,3,2330051,100,12
298,MZ04,28,N03,RCL195-C001,1,0140022,162,13
299,MZ04,28,N04,RCL195-C002,3,0410002,23,14
300,MZ04,28,N03,RCL197-C001,1,0010076,33,15
301,MZ04,28,N05,RCL203-C001,4,0380018,18,16
302,MZ04,29,CUERPO,RCL103-C001,3,6032634,101,1
842,MZ04,31,N04,RCL115-C001,1,4020222,148,1
843,MZ04,31,N04,RCL115-C001,2,4020227,241,2
844,MZ04,31,N04,RCL117-C002,3,7060100,1284,3
845,MZ04,31,N03,RCL117-C003,3,7060224,10,4
846,MZ04,31,N03,RCL118-C001,4,5170508,25,5
847,MZ04,31,N03,RCL124-C004,5,5120420,252,6
848,MZ04,31,N02,RCL125-C003,4,6020438,23,7
849,MZ04,31,N02,RCL131-C002,1,61002018,32,8
850,MZ04,31,N02,RCL135-C001,2,500573,17,9
851,MZ04,31,N02,RCL156-C001,5,7054068,8,10
852,MZ04,31,N05,RCL198-C001,1,1195023,29,11
853,MZ04,31,N05,RCL198-C001,1,1195039,21,12
854,MZ04,31,N05,RCL198-C001,2,1195014,19,13
855,MZ04,31,N05,RCL198-C001,3,1195032,5,14
856,MZ04,31,N01,RCL198-C001,4,1195017,33,15
857,MZ04,31,N01,RCL200-C001,1,1205001,14,16
858,MZ04,31,N01,RCL201-C004,1,2321039,87,17
859,MZ04,31,N01,RCL201-C004,4,8002004,501,18
860,MZ04,31,N04,RCL202-C002,2,0230006,27,19
861,MZ04,32,N05,RCL148-C003,1,7550846,6,1
862,MZ04,32,N05,RCL149-C001,5,7502434,128,2
863,MZ04,32,N01,RCL167-C004,2,2330438,23,3
864,MZ04,32,N01,RCL181-C001,4,9200328,67,4
865,MZ04,32,N01,RCL184-C001,1,2392333,11,5
866,MZ04,32,N01,RCL185-C001,2,2380002,16,6
867,MZ04,32,N04,RCL188-C001,5,0130024,47,7
868,MZ04,32,N04,RCL190-C001,2,7417000508239,6,8
869,MZ04,32,N04,RCL190-C001,3,0707009,89,9
870,MZ04,32,N03,RCL194-C001,4,0200008,196,10
871,MZ04,32,N03,RCL194-C001,5,0230011,20,11
872,MZ04,32,N03,RCL194-C002,1,2330053,186,12
873,MZ04,32,N03,RCL194-C003,5,0230017,327,13
874,MZ04,32,N02,RCL195-C001,5,0230005,385,14
875,MZ04,32,N02,RCL196-C001,4,5170026,47,15
876,MZ04,32,N02,RCL196-C002,3,0590011,20,16
877,MZ04,32,N02,RCL197-C001,2,0230024,185,17
897,MZ04,33,CUERPO,RCL124-C003,1,6020430,137,1
898,MZ04,34,N05,RCL146-C003,1,5240027,29,1
899,MZ04,34,N05,RCL148-C004,1,7506848,6,2
900,MZ04,34,N01,RCL155-C001,4,7054002,47,3
901,MZ04,34,N01,RCL155-C002,1,7506407,136,4
902,MZ04,34,N01,RCL155-C004,1,7550788,29,5
903,MZ04,34,N01,RCL158-C001,3,7054066,46,6
904,MZ04,34,N04,RCL159-C003,2,7001800,11,7
905,MZ04,34,N04,RCL160-C001,3,961912,67,8
906,MZ04,34,N04,RCL160-C003,3,666028,37,9
907,MZ04,34,N04,RCL168-C004,4,3300305,33,10
908,MZ04,34,N03,RCL187-C001,6,0420268,8,11
909,MZ04,34,N03,RCL189-C001,2,0460149,92,12
910,MZ04,34,N03,RCL190-C001,5,2321439,17362,13
911,MZ04,34,N02,RCL195-C001,2,0380013,16,14
912,MZ04,34,N02,RCL195-C003,3,9111183,10,15
945,MZ04,35,N04,RCL104-C001,2,4020230,86,1
946,MZ04,35,N04,RCL104-C001,3,4020212,420,2
947,MZ04,35,N03,RCL118-C001,3,5170524,48,3
948,MZ04,35,N03,RCL118-C002,3,5170523,353,4
949,MZ04,35,N03,RCL124-C003,5,6020414,2925,5
950,MZ04,35,N02,RCL124-C004,3,6032650,10,6
951,MZ04,35,N03,RCL134-C004,4,7500505,35,7
952,MZ04,35,N02,RCL141-C001,1,5140047,4,8
953,MZ04,35,N02,RCL152-C004,2,7502464,50,9
954,MZ04,35,N02,RCL155-C003,1,7550842,13,10
955,MZ04,35,N05,RCL196-C001,1,0380023,35,11
956,MZ04,35,N05,RCL196-C001,3,0420132,895,12
957,MZ04,35,N05,RCL197-C002,2,0230026,12,13
958,MZ04,35,N05,RCL198-C001,4,1195034,11,14
959,MZ04,35,N01,RCL199-C001,1,3352108,15,15
960,MZ04,35,N01,RCL201-C003,5,8002018,165,16
961,MZ04,35,N01,RCL201-C004,2,0410011,7,17
962,MZ04,35,N01,RCL202-C002,1,0010060,25,18
963,MZ04,35,N04,RCL203-C001,4,0208001,13,19
964,MZ04,36,N05,RCL161-C004,2,6020002,252,1
965,MZ04,36,N05,RCL162-C001,4,023450003,53,2
966,MZ04,36,N05,RCL162-C003,2,032440020,22,3
967,MZ04,36,N01,RCL163-C001,3,0570007,2,4
968,MZ04,36,N01,RCL163-C001,4,7001997,8,5
969,MZ04,36,N01,RCL166-C001,5,6150049,30,6
970,MZ04,36,N01,RCL170-C001,3,7501909,11,7
971,MZ04,36,N04,RCL170-C003,1,7501146,16,8
972,MZ04,36,N04,RCL173-C003,5,7501085,64,9
973,MZ04,36,N04,RCL174-C001,2,052440051,645,10
974,MZ04,36,N03,RCL180-C003,3,9200115,1070,11
975,MZ04,36,N03,RCL187-C002,3,0011167,28,12
976,MZ04,36,N03,RCL189-C003,5,1619BZ0100,15,13
977,MZ04,36,N02,RCL193-C001,3,7441050500059,20,14
978,MZ04,36,N02,RCL194-C001,3,0140031,48,15
979,MZ04,36,N02,RCL194-C002,3,0560018,500,16
980,MZ04,36,N02,RCL195-C002,5,0460142,1072,17
2107,MZ05,1,N05,RCL175-C003,3,7500694,10,1
2108,MZ05,1,N05,RCL175-C003,3,7500696,41,2
2109,MZ05,1,N05,RCL175-C003,3,052440099,174,3
2110,MZ05,1,N01,RCL175-C003,5,7551026,497,4
2111,MZ05,1,N01,RCL175-C004,1,7502203,48,5
2112,MZ05,1,N04,RCL175-C004,2,52440486,9,6
2113,MZ05,1,N04,RCL175-C004,2,7501072,161,7
2114,MZ05,1,N01,RCL175-C004,2,501557,313,8
2115,MZ05,1,N03,RCL175-C004,3,501541,34,9
2116,MZ05,1,N04,RCL175-C004,3,052440151,48,10
2132,MZ05,2,N05,RCL172-C002,4,52440433,17,1
2133,MZ05,2,N05,RCL172-C002,4,52440432,13,2
2134,MZ05,2,N05,RCL172-C003,1,052440023,27,3
2135,MZ05,2,N01,RCL172-C003,2,7501136,139,4
2136,MZ05,2,N01,RCL172-C003,2,052440137,20,5
2137,MZ05,2,N01,RCL172-C003,3,052440133,40,6
2138,MZ05,2,N03,RCL173-C002,1,052440045,30,7
2139,MZ05,2,N03,RCL173-C002,2,7500647,30,8
2140,MZ05,2,N03,RCL173-C002,2,7062500,13,9
2141,MZ05,2,N03,RCL173-C002,3,052440135,39,10
2142,MZ05,2,N02,RCL173-C002,4,052440098,5,11
2143,MZ05,2,N02,RCL173-C002,5,7501154,250,12
2144,MZ05,3,N05,RCL168-C004,6,2320186,700,1
2145,MZ05,3,N05,RCL170-C001,1,052450017,16,2
2146,MZ05,3,N05,RCL170-C002,1,7501948,51,3
2147,MZ05,3,N01,RCL170-C002,2,052440146,120,4
2148,MZ05,3,N01,RCL170-C002,4,052440136,40,5
2149,MZ05,3,N01,RCL170-C002,4,052440145,40,6
2150,MZ05,3,N04,RCL170-C003,1,052440128,80,7
2151,MZ05,3,N04,RCL170-C003,2,7501922,174,8
2152,MZ05,3,N03,RCL170-C003,3,52440439,62,9
2153,MZ05,3,N03,RCL170-C003,4,7501612,200,10
2154,MZ05,3,N03,RCL172-C001,1,052440171,10,11
2155,MZ05,3,N02,RCL172-C001,4,7551040,292,12
2156,MZ05,3,N02,RCL172-C002,3,7501934,19,13
2157,MZ05,3,N02,RCL172-C002,3,7501753,9,14
2158,MZ05,3,N05,RCL174-C003,5,7501696,494,15
2159,MZ05,3,N01,RCL175-C001,3,052440166,34,16
2171,MZ05,4,N01,RCL153-C003,3,7506426,142,1
2172,MZ05,4,N04,RCL153-C004,1,7506938,6,2
2173,MZ05,4,N03,RCL153-C004,3,7506926,18,3
2174,MZ05,4,N03,RCL153-C004,3,7506582,4,4
2175,MZ05,4,N02,RCL155-C003,2,7506856,18,5
2176,MZ05,5,N05,RCL147-C001,5,7550816,25,1
2177,MZ05,5,N05,RCL147-C004,2,7506770,20,2
2178,MZ05,5,N01,RCL148-C002,5,7550810,11,3
2179,MZ05,5,N04,RCL148-C003,4,7507028,42,4
2180,MZ05,5,N03,RCL149-C001,1,7506920,15,5
2181,MZ05,5,N03,RCL149-C001,3,7025208,143,6
2182,MZ05,5,N02,RCL152-C003,2,7506738,14,7
2212,MZ05,7,N05,RCL117-C004,2,7060229,215,1
2213,MZ05,7,N05,RCL117-C004,4,7060222,14,2
2214,MZ05,7,N05,RCL118-C002,2,5140604,3,3
2215,MZ05,7,N01,RCL118-C003,3,5240402,31,4
2216,MZ05,7,N01,RCL118-C004,2,5240409,2,5
2217,MZ05,7,N04,RCL119-C002,2,5120533,10,6
2218,MZ05,7,N04,RCL119-C003,2,3003017,1,7
2219,MZ05,7,N03,RCL120-C001,4,5120539,9,8
2220,MZ05,7,N02,RCL120-C003,2,5120443,5,9
2221,MZ05,7,N02,RCL120-C003,4,5120407,46,10
1499,MZ05,10,N05,RCL187-C004,2,92110609,7,1
1500,MZ05,10,N05,RCL188-C002,2,9130605,8,2
1501,MZ05,10,N01,RCL189-C003,1,1700099,57,3
1502,MZ05,10,N04,RCL190-C001,4,0709108,73,4
1503,MZ05,10,N04,RCL191-C001,3,0707015,33,5
1504,MZ05,10,N04,RCL191-C001,4,0707016,58,6
1505,MZ05,10,N04,RCL192-C001,3,0707041,16,7
1506,MZ05,10,N03,RCL192-C001,4,17093225,14,8
1507,MZ05,10,N03,RCL193-C001,2,7002014,5,9
1508,MZ05,10,N03,RCL194-C003,4,4020452,6,10
1509,MZ05,10,N02,RCL194-C003,5,8002017,390,11
1510,MZ05,10,N02,RCL194-C004,1,92110148,5,12
1511,MZ05,10,N02,RCL194-C004,2,9111271,66,13
1536,MZ05,12,N05,RCL118-C003,2,5240401,28,1
1537,MZ05,12,N05,RCL120-C002,5,5120419,16,2
1538,MZ05,12,N01,RCL130-C001,1,7041024,12,3
1539,MZ05,12,N01,RCL132-C004,4,5502607,7,4
1540,MZ05,12,N01,RCL134-C001,2,500157,51,5
1541,MZ05,12,N01,RCL134-C002,1,500168,13,6
1542,MZ05,12,N04,RCL142-C001,1,7501071,110,7
1543,MZ05,12,N04,RCL146-C001,1,5240026,76,8
1544,MZ05,12,N03,RCL147-C001,1,7550790,8,9
1545,MZ05,12,N03,RCL147-C001,4,7171325,143,10
1546,MZ05,12,N03,RCL148-C004,3,7506406,12,11
1547,MZ05,12,N02,RCL148-C004,4,7550836,18,12
1548,MZ05,12,N02,RCL148-C004,4,7506293,13,13
1549,MZ05,12,N02,RCL149-C001,1,7506373,29,14
1550,MZ05,12,N02,RCL149-C001,5,7506214,27,15
1577,MZ05,13,N05,RCL180-C003,3,9200232,29,1
1578,MZ05,13,N05,RCL180-C003,3,9200169,26,2
1579,MZ05,13,N05,RCL180-C003,5,9041044,9,3
1580,MZ05,13,N05,RCL180-C004,5,9200127,29,4
1581,MZ05,13,N01,RCL181-C001,2,7550004,148,5
1582,MZ05,13,N01,RCL182-C001,1,0174004,32,6
1583,MZ05,13,N01,RCL182-C001,2,0120094,66,7
1584,MZ05,13,N04,RCL182-C002,4,0524056,7,8
1585,MZ05,13,N04,RCL183-C002,4,0524050,7,9
1586,MZ05,13,N03,RCL184-C001,1,2392343,12,10
1587,MZ05,13,N03,RCL185-C001,1,2352034,24,11
1588,MZ05,13,N03,RCL186-C001,5,9913056,31,12
1589,MZ05,13,N02,RCL187-C001,3,2321546,24,13
1590,MZ05,13,N02,RCL187-C001,3,92110630,46,14
1591,MZ05,13,N02,RCL187-C001,4,9111512,4,15
1592,MZ05,13,N02,RCL187-C002,3,0011165,74,16
1593,MZ05,14,N05,RCL170-C002,1,052440132,96,1
1594,MZ05,14,N05,RCL170-C002,2,052450005,22,2
1595,MZ05,14,N05,RCL170-C002,3,7501920,57,3
1596,MZ05,14,N01,RCL172-C001,1,7501943,84,4
1597,MZ05,14,N01,RCL172-C002,2,7501083,60,5
1598,MZ05,14,N01,RCL172-C002,4,7501937,40,6
1599,MZ05,14,N01,RCL172-C003,3,7501076,12,7
1600,MZ05,14,N04,RCL173-C001,1,7501156,12,8
1601,MZ05,14,N04,RCL174-C002,4,7551029,10,9
1602,MZ05,14,N04,RCL178-C001,2,2392347,6,10
1603,MZ05,14,N03,RCL178-C001,3,2392321,3,11
1604,MZ05,14,N03,RCL178-C001,3,2392345,6,12
1605,MZ05,14,N03,RCL179-C001,2,2392398,6,13
1606,MZ05,14,N02,RCL179-C001,4,2352327,6,14
1607,MZ05,14,N03,RCL179-C001,4,2392383,6,15
1608,MZ05,14,N02,RCL180-C002,5,9200578,47,16
1609,MZ05,14,N02,RCL180-C003,3,9200125,46,17
1641,MZ05,15,N02,RCL105-C003,2,9111423,2608,1
1642,MZ05,15,N02,RCL115-C004,2,0380000,3,2
1643,MZ05,15,N05,RCL194-C004,6,9111180,4,3
1644,MZ05,15,N05,RCL194-C004,7,9130246,5,4
1645,MZ05,15,N05,RCL195-C003,2,0611704,21,5
1646,MZ05,15,N01,RCL195-C003,4,9112038,4,6
1647,MZ05,15,N01,RCL195-C004,3,0420110,22,7
1648,MZ05,15,N04,RCL195-C004,5,9111031,5,8
1649,MZ05,15,N03,RCL198-C001,3,1195011,38,9
1650,MZ05,15,N03,RCL200-C001,4,1205021,3,10
1651,MZ05,15,N02,RCL83-C002,5,7040310,21,11
1652,MZ05,16,CUERPO,RCL115-C003,2,3256013,67,1
1679,MZ05,17,N05,RCL172-C002,1,7551030,21,1
1680,MZ05,17,N05,RCL172-C003,1,7551047,58,2
1681,MZ05,17,N05,RCL173-C003,1,052440044,225,3
1682,MZ05,17,N01,RCL173-C003,2,7501907,48,4
1683,MZ05,17,N01,RCL176-C001,3,7001992,8,5
1684,MZ05,17,N04,RCL178-C001,3,2352019,17,6
1685,MZ05,17,N04,RCL180-C002,1,9200147,20,7
1686,MZ05,17,N04,RCL180-C003,1,9200198,136,8
1687,MZ05,17,N03,RCL180-C004,1,9200116,272,9
1688,MZ05,17,N02,RCL181-C002,2,9200160,20,10
1689,MZ05,17,N03,RCL181-C002,2,915742,166,11
1690,MZ05,18,N05,RCL161-C001,5,2330410,501,1
1691,MZ05,18,N05,RCL163-C001,2,6150017,61,2
1692,MZ05,18,N01,RCL163-C001,3,6150020,8,3
1693,MZ05,18,N01,RCL164-C001,2,4535017,17,4
1694,MZ05,18,N01,RCL167-C004,1,2320408,67,5
1695,MZ05,18,N04,RCL168-C004,4,2320120,80,6
1696,MZ05,18,N04,RCL168-C004,6,2320204,500,7
1697,MZ05,18,N02,RCL169-C002,4,052440112,440,8
1698,MZ05,18,N03,RCL170-C001,4,052450001,1,9
1699,MZ05,18,N03,RCL170-C002,5,7501124,30,10
1700,MZ05,18,N03,RCL170-C003,2,7501200,24,11
1701,MZ05,18,N02,RCL172-C001,3,052440162,147,12
1702,MZ05,18,N04,RCL174-C003,5,7501712,182,13
1723,MZ05,19,N05,RCL106-C001,1,6401017,210,1
1724,MZ05,19,N01,RCL115-C004,3,0460100,10,2
1725,MZ05,19,N04,RCL116-C002,1,6401105,14,3
1726,MZ05,19,N01,RCL116-C002,1,6401029,26,4
1727,MZ05,19,N03,RCL118-C002,3,5240406,7,5
1728,MZ05,19,N03,RCL119-C003,1,3003003,11,6
1729,MZ05,19,N02,RCL120-C002,1,5120447,10,7
1730,MZ05,19,N02,RCL120-C002,1,5120458,15,8
1731,MZ05,19,N02,RCL120-C004,5,5120444,19,9
337,MZ05,20,N04,RCL107-C004,3,1520074,827,1
338,MZ05,20,N02,RCL131-C002,3,6104576,12,2
339,MZ05,20,N01,RCL138-C001,3,5170011,240,3
340,MZ05,20,N04,RCL138-C004,1,5140040,100,4
341,MZ05,20,N03,RCL141-C001,3,5170016,132,5
342,MZ05,20,N04,RCL141-C002,4,5240029,76,6
343,MZ05,20,N04,RCL148-C001,2,7506178,65,7
344,MZ05,20,N03,RCL152-C002,2,7550732,480,8
345,MZ05,20,N02,RCL155-C003,5,7550782,188,9
346,MZ05,20,N05,RCL156-C001,3,7090637,57,10
347,MZ05,20,N01,RCL160-C002,5,664558,74,11
348,MZ05,20,N05,RCL161-C002,3,032440018,62,12
349,MZ05,20,N05,RCL162-C001,4,023450007,240,13
350,MZ05,20,N01,RCL173-C003,3,7501674,789,14
351,MZ05,20,N05,RCL175-C001,3,7501733,352,15
352,MZ05,20,N03,RCL195-C001,1,0380019,9,16
353,MZ05,20,N02,RCL196-C001,3,0010075,26,17
354,MZ05,20,N01,RCL196-C001,3,0380017,212,18
356,MZ05,21,N02,RCL108-C001,4,500188,34,1
357,MZ05,21,N03,RCL123-C001,5,6020458,24,2
358,MZ05,21,N04,RCL133-C001,5,500119,118,3
359,MZ05,21,N02,RCL152-C001,3,7506196,237,4
360,MZ05,21,N03,RCL152-C003,4,7506224,271,5
361,MZ05,21,N04,RCL155-C001,2,7502466,92,6
362,MZ05,21,N05,RCL162-C001,4,023450006,140,7
363,MZ05,21,N05,RCL162-C004,2,033010030,32,8
364,MZ05,21,N05,RCL167-C001,2,031260038,173,9
365,MZ05,21,N03,RCL168-C002,3,031260021,26,10
366,MZ05,21,N01,RCL174-C002,2,7501125,262,11
367,MZ05,21,N02,RCL176-C001,5,8352914,44,12
368,MZ05,21,N03,RCL189-C004,1,0011172,107,13
369,MZ05,21,N02,RCL189-C004,4,0610972,37,14
370,MZ05,21,N04,RCL194-C003,3,0200009,90,15
371,MZ05,21,N01,RCL195-C002,1,3265002,99,16
372,MZ05,21,N05,RCL203-C002,4,0230038,47,17
373,MZ05,22,N02,RCL117-C001,1,7060131,1504,1
374,MZ05,22,N05,RCL138-C003,3,5140000,90,2
375,MZ05,22,N03,RCL139-C001,3,5230101,342,3
376,MZ05,22,N01,RCL143-C001,1,2321534,235,4
377,MZ05,22,N05,RCL147-C002,3,7506250,273,5
378,MZ05,22,N01,RCL152-C001,4,7502440,188,6
379,MZ05,22,N02,RCL160-C002,2,502071,86,7
380,MZ05,22,N02,RCL160-C003,2,878633,78,8
381,MZ05,22,N04,RCL165-C001,3,4535010,96,9
382,MZ05,22,N05,RCL174-C002,2,7501908,62,10
383,MZ05,22,N05,RCL183-C002,3,1520073,292,11
384,MZ05,22,N01,RCL195-C001,3,0420145,230,12
385,MZ05,22,N02,RCL195-C002,2,0190085,43,13
386,MZ05,22,N01,RCL196-C001,4,0610150,48,14
387,MZ05,22,N04,RCL198-C001,2,1195010,41,15
388,MZ05,22,N04,RCL202-C001,5,0460135,21,16
426,MZ05,23,N03,RCL107-C001,5,6032610,151,1
427,MZ05,23,N02,RCL139-C003,2,5170014,414,2
428,MZ05,23,N02,RCL141-C001,1,5090100,74,3
429,MZ05,23,N03,RCL141-C001,3,5140031,50,4
430,MZ05,23,N04,RCL141-C001,4,5180012,106,5
431,MZ05,23,N01,RCL146-C002,1,5180015,211,6
432,MZ05,23,N05,RCL146-C004,5,5180028,8,7
433,MZ05,23,N04,RCL148-C001,3,7506405,120,8
434,MZ05,23,N05,RCL160-C002,1,666026,86,9
435,MZ05,23,N02,RCL161-C001,4,8706304,54,10
436,MZ05,23,N04,RCL166-C001,3,4535009,45,11
437,MZ05,23,N01,RCL167-C003,5,2330183,127,12
438,MZ05,23,N04,RCL170-C001,3,7501679,26,13
439,MZ05,23,N01,RCL173-C002,2,7501088,130,14
440,MZ05,23,N05,RCL196-C002,3,0440370,48,15
441,MZ05,23,N03,RCL202-C002,3,0510012,48,16
442,MZ05,24,CUERPO,RCL141-C003,5,5240022,28,1
460,MZ05,25,N04,RCL106-C001,2,7550982,777,1
461,MZ05,25,N03,RCL123-C001,6,6032673,72,2
462,MZ05,25,N01,RCL124-C002,5,6032614,127,3
463,MZ05,25,N05,RCL129-C001,2,7040008,38,4
464,MZ05,25,N02,RCL141-C003,3,5240025,181,5
465,MZ05,25,N05,RCL152-C003,4,7502481,171,6
466,MZ05,25,N03,RCL153-C002,3,7506134,164,7
467,MZ05,25,N04,RCL153-C003,1,7506148,34,8
468,MZ05,25,N05,RCL162-C002,2,032440022,27,9
469,MZ05,25,N04,RCL162-C003,1,038070019,220,10
470,MZ05,25,N02,RCL172-C001,1,7501744,150,11
471,MZ05,25,N03,RCL176-C001,2,15005001,59,12
472,MZ05,25,N01,RCL196-C001,4,0300721,113,13
473,MZ05,25,N01,RCL197-C002,1,0300725,143,14
474,MZ05,25,N03,RCL201-C002,2,0570065,14,15
506,MZ05,27,N05,RCL115-C002,5,0050012,367,1
507,MZ05,27,N01,RCL117-C001,1,7060253,607,2
508,MZ05,27,N01,RCL123-C001,4,6020456,37,3
509,MZ05,27,N03,RCL124-C004,1,6036800,28,4
510,MZ05,27,N05,RCL127-C001,2,5500161,68,5
511,MZ05,27,N03,RCL139-C003,3,5090104,54,6
512,MZ05,27,N05,RCL148-C001,1,7090048,37,7
513,MZ05,27,N02,RCL148-C003,1,7502460,217,8
514,MZ05,27,N02,RCL149-C002,3,7090036,92,9
515,MZ05,27,N02,RCL151-C001,2,2235105,29,10
516,MZ05,27,N04,RCL155-C001,1,7601216,59,11
517,MZ05,27,N01,RCL162-C004,1,3256520,31,12
518,MZ05,27,N04,RCL170-C002,3,7501089,68,13
519,MZ05,27,N01,RCL175-C002,4,501529,20,14
520,MZ05,27,N04,RCL180-C002,3,9200150,435,15
521,MZ05,27,N03,RCL188-C002,4,0610005,3,16
522,MZ05,27,N02,RCL197-C001,3,0420147,72,17
523,MZ05,27,N03,RCL203-C001,1,7501215,22,18
524,MZ05,27,N05,RCL203-C001,1,0640007,26,19
525,MZ05,28,CUERPO,RCL105-C002,4,5120403,116,1
528,MZ05,29,N04,RCL122-C001,3,6032640,46,1
529,MZ05,29,N02,RCL134-C003,1,500114,77,2
530,MZ05,29,N05,RCL136-C001,4,500197,23,3
531,MZ05,29,N02,RCL139-C002,3,5180036,194,4
532,MZ05,29,N04,RCL141-C002,1,5240030,78,5
533,MZ05,29,N01,RCL153-C003,3,7110208,90,6
534,MZ05,29,N03,RCL161-C004,4,6020003,54,7
535,MZ05,29,N02,RCL170-C003,5,7501929,403,8
536,MZ05,29,N04,RCL172-C003,1,7501716,29,9
537,MZ05,29,N03,RCL181-C001,4,9200331,187,10
538,MZ05,29,N01,RCL184-C001,3,2392307,19,11
539,MZ05,29,N05,RCL195-C002,1,3265003,91,12
540,MZ05,29,N03,RCL197-C001,4,0650001,15,13
541,MZ05,29,N05,RCL197-C001,4,0230039,24,14
542,MZ05,29,N01,RCL201-C002,1,0585008,10,15
543,MZ05,29,N04,RCL201-C002,3,2322001,38,16
544,MZ05,29,N01,RCL202-C002,1,0410001,24,17
545,MZ05,30,CUERPO,RCL140-C001,1,5140043,23,1
2117,MZ06,1,N05,RCL174-C003,1,7551013,14,1
2118,MZ06,1,N05,RCL174-C003,2,52440450,5,2
2119,MZ06,1,N05,RCL174-C003,2,052440139,20,3
2120,MZ06,1,N05,RCL174-C003,3,052450014,12,4
2121,MZ06,1,N01,RCL174-C003,4,7500697,23,5
2122,MZ06,1,N01,RCL174-C003,4,052440153,72,6
2123,MZ06,1,N04,RCL175-C002,1,7551049,435,7
2124,MZ06,1,N04,RCL175-C002,3,052440211,10,8
2125,MZ06,1,N03,RCL175-C002,4,501511,4,9
2126,MZ06,1,N03,RCL175-C003,1,7551057,12,10
2127,MZ06,1,N03,RCL175-C003,2,7551058,49,11
2128,MZ06,2,N01,RCL174-C001,1,7500640,4,1
2129,MZ06,2,N04,RCL174-C001,4,052440113,5,2
2130,MZ06,2,N03,RCL174-C002,3,7501675,138,3
2131,MZ06,2,N02,RCL174-C002,4,7551033,526,4
2160,MZ06,3,N05,RCL159-C003,2,961944,12,1
2161,MZ06,3,N05,RCL159-C003,2,961942,7,2
2162,MZ06,3,N01,RCL160-C003,4,961947,6,3
2163,MZ06,3,N01,RCL161-C001,2,2330408,216,4
2164,MZ06,3,N04,RCL163-C001,3,GA016703AV,59,5
2165,MZ06,3,N04,RCL164-C001,1,8671021,8,6
2166,MZ06,3,N03,RCL167-C002,1,8707104,85,7
2167,MZ06,3,N03,RCL167-C002,4,035940006,23,8
2168,MZ06,3,N02,RCL168-C004,5,2330409,10,9
2169,MZ06,3,N02,RCL168-C004,5,2320028,32,10
2170,MZ06,3,N02,RCL168-C004,5,2320205,22,11
2183,MZ06,5,N05,RCL134-C004,2,7500535,4,1
2184,MZ06,5,N05,RCL134-C004,2,7500517,116,2
2185,MZ06,5,N01,RCL134-C004,3,7500533,14,3
2186,MZ06,5,N01,RCL134-C004,4,7500519,21,4
2187,MZ06,5,N01,RCL134-C004,4,7500530,41,5
2188,MZ06,5,N01,RCL134-C004,4,7500531,18,6
2189,MZ06,5,N04,RCL135-C001,1,7503067,2,7
2190,MZ06,5,N04,RCL135-C001,4,500150,49,8
2191,MZ06,5,N03,RCL137-C001,4,7041947,8,9
2192,MZ06,5,N03,RCL144-C001,5,7040306,350,10
2193,MZ06,5,N02,RCL145-C001,1,ECAM001,4,11
2194,MZ06,5,N02,RCL145-C001,2,13049,5,12
2195,MZ06,5,N02,RCL145-C001,4,7041505,112,13
2196,MZ06,5,N02,RCL146-C004,1,5203111,17,14
2197,MZ06,6,N05,RCL120-C003,4,5120439,27,1
2198,MZ06,6,N05,RCL120-C004,1,5120413,6,2
2199,MZ06,6,N05,RCL120-C004,3,5120440,12,3
2200,MZ06,6,N05,RCL122-C001,1,6036804,7,4
2201,MZ06,6,N01,RCL122-C001,2,6020454,96,5
2202,MZ06,6,N01,RCL125-C002,2,7550655,5,6
2203,MZ06,6,N01,RCL125-C002,4,7550658,17,7
2204,MZ06,6,N01,RCL125-C003,4,7550642,21,8
2205,MZ06,6,N04,RCL127-C003,5,5502189,33,9
2206,MZ06,6,N03,RCL131-C001,3,5120603,9,10
2207,MZ06,6,N03,RCL134-C001,3,500193,22,11
2208,MZ06,6,N03,RCL134-C002,1,500304,14,12
2209,MZ06,6,N02,RCL134-C003,1,7550811,4,13
2210,MZ06,6,N03,RCL134-C003,1,500145,6,14
2211,MZ06,6,N02,RCL134-C004,1,7500528,22,15
2222,MZ06,8,N05,RCL115-C002,1,2505023575,10,1
2223,MZ06,8,N01,RCL115-C003,2,0560101,3,2
2224,MZ06,8,N04,RCL115-C004,4,3349010,17,3
2225,MZ06,8,N04,RCL115-C004,5,0050002,181,4
2226,MZ06,8,N03,RCL116-C003,2,7060022,392,5
2227,MZ06,8,N03,RCL116-C003,2,7060051,77,6
2228,MZ06,8,N02,RCL116-C003,3,7060030,177,7
2229,MZ06,8,N03,RCL116-C003,3,7550911,179,8
2230,MZ06,8,N02,RCL117-C002,2,7060246,21,9
2231,MZ06,8,N02,RCL117-C002,4,7060123,93,10
2232,MZ06,8,N02,RCL117-C003,1,7060108,44,11
1512,MZ06,10,N05,RCL179-C001,2,2392375,1,1
1513,MZ06,10,N05,RCL180-C001,3,9200247,10,2
1514,MZ06,10,N05,RCL180-C001,5,9200181,33,3
1515,MZ06,10,N05,RCL180-C003,5,9200226,36,4
1516,MZ06,10,N01,RCL181-C003,3,9200305,334,5
1517,MZ06,10,N01,RCL181-C004,4,9200121,193,6
1518,MZ06,10,N04,RCL182-C002,2,0572001,25,7
1519,MZ06,10,N04,RCL182-C003,5,01754550,47,8
1520,MZ06,10,N04,RCL183-C001,4,0522001,4,9
1521,MZ06,10,N03,RCL184-C001,3,2392399,10,10
1522,MZ06,10,N03,RCL185-C001,1,2352030,4,11
1523,MZ06,10,N03,RCL186-C003,4,9111501,1255,12
1524,MZ06,10,N02,RCL187-C002,4,9111395,193,13
1525,MZ06,10,N02,RCL187-C003,4,0011164,50,14
1526,MZ06,11,N01,RCL152-C004,3,9041822,18,1
1527,MZ06,11,N05,RCL152-C004,3,7506071,12,2
1528,MZ06,11,N01,RCL152-C004,4,7507208,32,3
1529,MZ06,11,N04,RCL153-C004,2,7506050,24,4
1530,MZ06,11,N04,RCL153-C004,4,7506838,10,5
1531,MZ06,11,N03,RCL161-C001,3,2321910,78,6
1532,MZ06,11,N03,RCL167-C003,4,3300307,100,7
1533,MZ06,11,N03,RCL168-C004,5,2320021,2,8
1534,MZ06,11,N02,RCL178-C001,3,2392379,3,9
1535,MZ06,11,N02,RCL178-C001,3,2392403,5,10
1551,MZ06,12,N02,RCL116-C002,2,6401021,43,1
1552,MZ06,12,N02,RCL118-C001,2,5170509,31,2
1553,MZ06,12,N05,RCL195-C003,6,0420029,8,3
1554,MZ06,12,N05,RCL195-C004,1,9111247,9,4
1555,MZ06,12,N01,RCL195-C004,3,9111069,11,5
1556,MZ06,12,N01,RCL195-C004,7,0560023,12,6
1557,MZ06,12,N04,RCL197-C002,3,0130025,357,7
1558,MZ06,12,N04,RCL199-C001,3,3352070,2,8
1559,MZ06,12,N04,RCL200-C001,2,1205006,3,9
1560,MZ06,12,N04,RCL200-C001,2,1205002,7,10
1561,MZ06,12,N03,RCL201-C001,2,0998010,10,11
1562,MZ06,12,N03,RCL202-C001,2,0380026,34,12
1563,MZ06,13,N05,RCL187-C003,5,0011157,178,1
1564,MZ06,13,N05,RCL187-C004,2,9111320,90,2
1565,MZ06,13,N05,RCL188-C002,3,0585305,15,3
1566,MZ06,13,N01,RCL190-C001,1,0709088,14,4
1567,MZ06,13,N01,RCL190-C001,1,1190102,68,5
1568,MZ06,13,N01,RCL191-C001,1,10250000,2,6
1569,MZ06,13,N04,RCL191-C001,2,0709067,23,7
1570,MZ06,13,N04,RCL191-C001,4,0709324,38,8
1571,MZ06,13,N04,RCL193-C001,4,3352082,9,9
1572,MZ06,13,N04,RCL193-C001,4,7002013,15,10
1573,MZ06,13,N03,RCL194-C004,4,9130209,7,11
1574,MZ06,13,N02,RCL195-C003,1,0420085,19,12
1575,MZ06,13,N02,RCL195-C003,1,9111007,26,13
1576,MZ06,13,N02,RCL195-C003,2,9111308,10,14
1610,MZ06,14,N05,RCL138-C003,1,5240028,20,1
1611,MZ06,14,N01,RCL146-C003,1,5240021,3,2
1612,MZ06,14,N01,RCL147-C001,5,7550818,7,3
1613,MZ06,14,N01,RCL147-C002,4,7507051,3,4
1614,MZ06,14,N04,RCL148-C003,4,7506860,14,5
1615,MZ06,14,N01,RCL148-C003,4,7506306,28,6
1616,MZ06,14,N04,RCL149-C001,1,7550780,31,7
1617,MZ06,14,N04,RCL149-C002,1,7502444,48,8
1618,MZ06,14,N03,RCL152-C004,1,7506062,26,9
1619,MZ06,14,N03,RCL153-C002,3,7502472,91,10
1620,MZ06,14,N03,RCL160-C001,1,1109001,82,11
1621,MZ06,14,N02,RCL168-C003,1,7062110,43,12
1622,MZ06,14,N02,RCL168-C004,3,2320024,3,13
1623,MZ06,14,N02,RCL168-C004,4,2320026,1,14
1624,MZ06,15,N05,RCL116-C003,2,7060029,178,1
1625,MZ06,15,N05,RCL116-C004,4,9203200,620,2
1626,MZ06,15,N01,RCL117-C001,1,7060243,384,3
1627,MZ06,15,N01,RCL117-C001,5,7060235,197,4
1628,MZ06,15,N01,RCL118-C001,1,5180400,48,5
1629,MZ06,15,N04,RCL118-C001,4,5240410,1,6
1630,MZ06,15,N01,RCL118-C001,4,5170515,113,7
1631,MZ06,15,N04,RCL118-C001,5,5180404,707,8
1632,MZ06,15,N04,RCL119-C001,5,5120464,24,9
1633,MZ06,15,N04,RCL120-C002,3,5120453,151,10
1634,MZ06,15,N03,RCL120-C003,2,5120462,18,11
1635,MZ06,15,N03,RCL123-C001,3,6010023,77,12
1636,MZ06,15,N03,RCL124-C004,4,6032602,6,13
1637,MZ06,15,N03,RCL125-C004,4,6020400,20,14
1638,MZ06,15,N02,RCL131-C001,1,6104566,304,15
1639,MZ06,15,N02,RCL131-C002,2,6100260,2,16
1640,MZ06,15,N02,RCL131-C002,5,3525203,48,17
1653,MZ06,16,N05,RCL189-C004,5,0420010,10,1
1654,MZ06,16,N05,RCL190-C001,1,07013773,26,2
1655,MZ06,16,N05,RCL190-C001,2,0709117,27,3
1656,MZ06,16,N01,RCL190-C001,3,17093215,11,4
1657,MZ06,16,N04,RCL193-C001,1,7002015,4,5
1658,MZ06,16,N04,RCL193-C001,2,5009031,26,6
1659,MZ06,16,N03,RCL193-C001,3,8705002,16,7
1660,MZ06,16,N03,RCL194-C004,1,92110146,5,8
1661,MZ06,16,N03,RCL194-C004,2,9130241,9,9
1662,MZ06,16,N02,RCL194-C004,4,9130244,3,10
1663,MZ06,17,N05,RCL183-C002,1,0506168,46,1
1664,MZ06,17,N05,RCL184-C001,2,2392335,6,2
1665,MZ06,17,N05,RCL185-C001,3,2392339,7,3
1666,MZ06,17,N01,RCL185-C001,4,2392348,3,4
1667,MZ06,17,N01,RCL187-C001,3,9111307,6,5
1668,MZ06,17,N01,RCL187-C003,1,9111499,104,6
1669,MZ06,17,N04,RCL187-C003,4,2321539,27,7
1670,MZ06,17,N04,RCL187-C004,4,92110610,4,8
1671,MZ06,17,N04,RCL188-C002,2,0010776,7,9
1672,MZ06,17,N04,RCL188-C002,2,0610967,5,10
1673,MZ06,17,N03,RCL189-C001,4,0490023,93,11
1674,MZ06,17,N03,RCL189-C001,5,9211233,1325,12
1675,MZ06,17,N02,RCL189-C002,4,1700143,29,13
1676,MZ06,17,N02,RCL189-C003,1,1700134,17,14
1677,MZ06,17,N02,RCL189-C003,1,1700135,17,15
1678,MZ06,17,N02,RCL189-C003,2,1700138,14,16
1703,MZ06,18,N05,RCL146-C004,3,5090101,15,1
1704,MZ06,18,N05,RCL147-C004,4,7507210,13,2
1705,MZ06,18,N01,RCL148-C003,4,7506828,1,3
1706,MZ06,18,N01,RCL149-C001,1,7110200,145,4
1707,MZ06,18,N04,RCL149-C004,4,7506854,15,5
1708,MZ06,18,N04,RCL152-C001,1,7506386,75,6
1709,MZ06,18,N03,RCL155-C002,2,7506433,45,7
1710,MZ06,18,N02,RCL155-C003,1,7506284,20,8
1711,MZ06,18,N02,RCL157-C001,2,7054531,17,9
1712,MZ06,19,N05,RCL125-C004,3,6032006,46,1
1713,MZ06,19,N05,RCL129-C001,1,7040013,45,2
1714,MZ06,19,N01,RCL131-C004,3,6100261,30,3
1715,MZ06,19,N01,RCL132-C001,2,5003460,20,4
1716,MZ06,19,N04,RCL132-C004,2,6101519,60,5
1717,MZ06,19,N04,RCL134-C003,4,500144,15,6
1718,MZ06,19,N04,RCL134-C004,1,7500516,4,7
1719,MZ06,19,N03,RCL135-C001,1,500497,9,8
1720,MZ06,19,N02,RCL139-C002,2,5240032,42,9
1721,MZ06,19,N02,RCL145-C001,3,7040313,48,10
1722,MZ06,19,N02,RCL146-C001,1,5140028,68,11
355,MZ06,20,CUERPO,RCL143-C001,2,92110228,6768,1
389,MZ06,22,N04,RCL132-C004,2,6100162,29,1
390,MZ06,22,N03,RCL138-C002,1,5180006,359,2
391,MZ06,22,N05,RCL138-C002,3,5180061,34,3
392,MZ06,22,N05,RCL139-C001,1,5140026,119,4
393,MZ06,22,N01,RCL139-C002,1,5140050,73,5
394,MZ06,22,N01,RCL141-C002,1,5240036,84,6
395,MZ06,22,N02,RCL146-C003,4,5180060,15,7
396,MZ06,22,N05,RCL146-C004,2,5140010,28,8
397,MZ06,22,N03,RCL147-C002,4,7090010,32,9
398,MZ06,22,N03,RCL152-C001,4,7171326,111,10
399,MZ06,22,N01,RCL152-C003,4,7506247,157,11
400,MZ06,22,N01,RCL153-C003,5,7506401,137,12
401,MZ06,22,N02,RCL159-C001,4,2352002,100,13
402,MZ06,22,N04,RCL162-C002,2,032440017,57,14
403,MZ06,22,N02,RCL165-C001,4,45357933,25,15
404,MZ06,22,N03,RCL170-C002,1,7501918,50,16
405,MZ06,22,N05,RCL179-C001,5,2380005,85,17
406,MZ06,22,N04,RCL196-C001,3,0300723,353,18
407,MZ06,22,N02,RCL201-C002,5,0230037,93,19
408,MZ06,22,N04,RCL203-C002,2,2321035,1875,20
409,MZ06,23,N05,RCL129-C001,4,7040003,330,1
410,MZ06,23,N02,RCL138-C001,1,5180011,176,2
411,MZ06,23,N01,RCL141-C001,5,5140006,73,3
412,MZ06,23,N04,RCL149-C002,1,7506423,172,4
413,MZ06,23,N04,RCL149-C002,4,7506377,177,5
414,MZ06,23,N01,RCL155-C002,2,7506220,328,6
415,MZ06,23,N05,RCL160-C001,2,2385006,173,7
416,MZ06,23,N02,RCL167-C003,3,031260022,53,8
417,MZ06,23,N04,RCL170-C001,3,7501912,129,9
418,MZ06,23,N04,RCL170-C003,4,7501740,191,10
419,MZ06,23,N02,RCL175-C003,1,7500709,35,11
420,MZ06,23,N03,RCL176-C001,4,1500500,215,12
421,MZ06,23,N05,RCL194-C001,2,0010072,61,13
422,MZ06,23,N01,RCL196-C002,3,0010058,9,14
423,MZ06,23,N02,RCL197-C002,2,0560015,44,15
424,MZ06,23,N03,RCL198-C001,1,1195020,36,16
425,MZ06,23,N03,RCL203-C002,1,0190084,157,17
443,MZ06,24,CUERPO,RCL153-C004,2,7507059,239,1
444,MZ06,25,N04,RCL129-C001,5,7040002,167,1
445,MZ06,25,N04,RCL132-C002,2,5500207,30,2
446,MZ06,25,N05,RCL138-C003,1,5180008,184,3
447,MZ06,25,N01,RCL144-C001,1,7506428,124,4
448,MZ06,25,N03,RCL147-C001,1,7062413,165,5
449,MZ06,25,N02,RCL147-C003,5,7110209,387,6
450,MZ06,25,N01,RCL162-C001,4,023450004,181,7
451,MZ06,25,N01,RCL167-C002,2,38070030,76,8
452,MZ06,25,N03,RCL173-C001,3,7501768,72,9
453,MZ06,25,N05,RCL174-C001,3,7501138,322,10
454,MZ06,25,N02,RCL194-C001,5,0570068,85,11
455,MZ06,25,N03,RCL196-C002,2,2321051,43,12
456,MZ06,25,N03,RCL197-C001,4,0410005,38,13
457,MZ06,25,N01,RCL197-C002,3,2321050,330,14
458,MZ06,25,N02,RCL202-C001,1,2322002,210,15
459,MZ06,25,N05,RCL203-C001,3,1143005,97,16
475,MZ06,26,N05,RCL118-C004,2,5240405,39,1
476,MZ06,26,N04,RCL121-C001,4,6032811,34,2
477,MZ06,26,N05,RCL124-C002,2,6020460,23,3
478,MZ06,26,N01,RCL131-C004,4,5003461,13,4
479,MZ06,26,N01,RCL134-C001,2,500089,24,5
480,MZ06,26,N04,RCL138-C001,3,5180027,209,6
481,MZ06,26,N01,RCL141-C001,4,5180035,212,7
482,MZ06,26,N03,RCL149-C002,2,7506058,1856,8
483,MZ06,26,N04,RCL155-C002,2,7506385,100,9
484,MZ06,26,N03,RCL162-C003,4,032440027,13,10
485,MZ06,26,N04,RCL170-C003,3,7501212,19,11
486,MZ06,26,N02,RCL171-C001,1,4530154,90,12
487,MZ06,26,N01,RCL197-C001,2,0440371,83,13
488,MZ06,26,N03,RCL202-C002,1,0570064,64,14
489,MZ06,26,N02,RCL202-C002,3,0420150,34,15
490,MZ06,27,N05,RCL103-C001,2,5001431,450,1
491,MZ06,27,N05,RCL117-C001,5,7060242,393,2
492,MZ06,27,N01,RCL125-C001,4,6032810,137,3
493,MZ06,27,N03,RCL127-C001,3,5500208,16,4
494,MZ06,27,N03,RCL135-C001,3,500453,74,5
495,MZ06,27,N02,RCL141-C004,3,5180050,44,6
496,MZ06,27,N04,RCL149-C002,5,7506396,55,7
497,MZ06,27,N05,RCL160-C002,4,7445005603765,10,8
498,MZ06,27,N02,RCL162-C001,2,2320129,177,9
499,MZ06,27,N01,RCL162-C003,1,3270354,103,10
500,MZ06,27,N02,RCL165-C001,3,4535316,38,11
501,MZ06,27,N01,RCL167-C004,3,2330446,312,12
502,MZ06,27,N01,RCL174-C001,1,7551027,172,13
503,MZ06,27,N04,RCL175-C002,3,7501936,139,14
504,MZ06,27,N04,RCL175-C004,1,1109034,13,15
505,MZ06,27,N05,RCL195-C001,2,0140026,36,16
526,MZ06,28,CUERPO,RCL196-C001,4,2321036,725,1
527,MZ06,29,CUERPO,RCL188-C001,5,2321981,1970,1
546,MZ06,30,N01,RCL117-C001,4,7060236,1960,1
547,MZ06,30,N04,RCL117-C004,2,7060217,44,2
548,MZ06,30,N05,RCL124-C002,4,6036805,21,3
549,MZ06,30,N01,RCL124-C003,1,6020420,103,4
550,MZ06,30,N04,RCL131-C004,2,3525129,41,5
551,MZ06,30,N01,RCL134-C003,4,500488,31,6
552,MZ06,30,N03,RCL139-C003,2,5140048,47,7
553,MZ06,30,N05,RCL139-C003,3,5090099,31,8
554,MZ06,30,N02,RCL141-C002,3,5090102,77,9
555,MZ06,30,N04,RCL149-C001,2,2395403,264,10
556,MZ06,30,N02,RCL171-C001,3,0140847,85,11
557,MZ06,30,N04,RCL181-C001,3,9200329,49,12
558,MZ06,30,N05,RCL181-C003,3,7550005,648,13
559,MZ06,30,N01,RCL189-C001,3,0380032,7,14
560,MZ06,30,N03,RCL189-C001,4,0410007,15,15
561,MZ06,30,N05,RCL194-C003,3,1143003,12,16
562,MZ06,30,N03,RCL194-C003,4,0640004,69,17
563,MZ06,30,N03,RCL195-C002,2,0010070,24,18
564,MZ06,30,N02,RCL196-C002,2,0420129,83,19
1000,MZ06,31,N03,RCL195-C003,2,0420084,16,1
1001,MZ06,31,N03,RCL195-C003,5,0420007,41,2
1002,MZ06,31,N02,RCL196-C002,5,0010067,38,3
1003,MZ06,31,N02,RCL197-C001,5,0230042,75,4
1004,MZ06,31,N02,RCL198-C001,2,1195019,11,5
1005,MZ06,31,N02,RCL198-C001,3,1195018,19,6
565,MZ07,20,CUERPO,RCL153-C002,5,7090042,38,1
604,MZ07,21,CUERPO,RCL124-C003,3,6032660,16,1
605,MZ07,22,N04,RCL115-C001,5,4020213,236,1
606,MZ07,22,N03,RCL117-C004,3,7060220,47,2
607,MZ07,22,N04,RCL122-C001,4,6036808,26,3
608,MZ07,22,N03,RCL122-C001,5,6020001,107,4
609,MZ07,22,N01,RCL123-C001,1,6010018,293,5
610,MZ07,22,N01,RCL152-C002,5,4050003,37,6
611,MZ07,22,N04,RCL161-C001,3,032440021,5,7
612,MZ07,22,N01,RCL171-C001,2,0140849,53,8
613,MZ07,22,N05,RCL194-C002,2,8002003,3700,9
614,MZ07,22,N02,RCL194-C003,4,0612001,31,10
615,MZ07,22,N03,RCL197-C002,3,0590013,47,11
616,MZ07,22,N04,RCL201-C002,4,0140027,15,12
654,MZ07,23,N05,RCL107-C001,1,6032671,84,1
655,MZ07,23,N04,RCL118-C004,1,5180401,224,2
656,MZ07,23,N01,RCL139-C004,1,5180009,44,3
657,MZ07,23,N04,RCL141-C001,2,5180016,21,4
658,MZ07,23,N02,RCL152-C002,5,7550794,39,5
659,MZ07,23,N04,RCL152-C003,1,4050002,27,6
660,MZ07,23,N02,RCL167-C001,1,2330424,207,7
661,MZ07,23,N03,RCL175-C002,5,7005402,32,8
662,MZ07,23,N02,RCL187-C002,1,9211236,41,9
663,MZ07,23,N03,RCL194-C001,2,0460132,23,10
664,MZ07,23,N03,RCL195-C001,1,0010057,20,11
665,MZ07,23,N01,RCL196-C001,1,0570062,49,12
666,MZ07,23,N03,RCL197-C001,1,0010054,11,13
667,MZ07,23,N01,RCL197-C001,1,0560016,21,14
668,MZ07,23,N01,RCL201-C003,3,0610170,9,15
669,MZ07,24,N01,RCL125-C004,2,6032624,62,1
670,MZ07,24,N02,RCL138-C001,1,5180004,90,2
671,MZ07,24,N03,RCL139-C003,3,5230108,12,3
672,MZ07,24,N02,RCL148-C001,1,7171314,353,4
673,MZ07,24,N05,RCL148-C003,3,7550844,27,5
674,MZ07,24,N05,RCL152-C002,4,7506390,176,6
675,MZ07,24,N03,RCL152-C003,2,7506030,51,7
676,MZ07,24,N04,RCL194-C004,1,0420008,41,8
677,MZ07,24,N03,RCL195-C001,3,0420146,176,9
678,MZ07,24,N04,RCL195-C002,2,0300718,103,10
679,MZ07,24,N04,RCL196-C002,4,0230018,92,11
680,MZ07,24,N03,RCL198-C001,3,1195009,60,12
681,MZ07,24,N04,RCL202-C002,1,0380020,17,13
682,MZ07,24,N02,RCL202-C002,2,0030001,16,14
566,MZ08,20,N03,RCL117-C001,2,7060244,103,1
567,MZ08,20,N03,RCL142-C001,2,5240024,87,2
568,MZ08,20,N05,RCL147-C001,4,7506210,331,3
569,MZ08,20,N04,RCL147-C003,3,7502462,221,4
570,MZ08,20,N02,RCL149-C001,5,7090007,28,5
571,MZ08,20,N01,RCL152-C001,4,7506394,144,6
572,MZ08,20,N04,RCL159-C003,3,492818,107,7
573,MZ08,20,N01,RCL162-C002,1,3270350,16,8
574,MZ08,20,N01,RCL167-C001,4,031260040,154,9
575,MZ08,20,N02,RCL167-C004,5,2330190,15,10
576,MZ08,20,N02,RCL168-C004,1,038070003,7,11
577,MZ08,20,N05,RCL172-C003,4,7501095,13,12
578,MZ08,20,N04,RCL182-C004,1,1520023,94,13
579,MZ08,20,N05,RCL189-C001,2,1143002,13,14
580,MZ08,20,N04,RCL196-C001,5,0460136,8,15
581,MZ08,20,N03,RCL197-C001,1,0590009,5,16
582,MZ08,20,N01,RCL201-C002,3,0610152,2,17
583,MZ08,20,N02,RCL202-C001,2,2321043,198,18
584,MZ08,20,N03,RCL202-C001,2,0510011,18,19
585,MZ08,20,N05,RCL202-C002,4,0230021,48,20
586,MZ08,21,N03,RCL114-C002,1,7550973,587,1
587,MZ08,21,N04,RCL117-C004,3,7060214,31,2
588,MZ08,21,N02,RCL139-C001,4,5140005,41,3
589,MZ08,21,N01,RCL141-C002,2,5180013,19,4
590,MZ08,21,N01,RCL141-C002,4,5170024,96,5
591,MZ08,21,N03,RCL147-C003,1,7500389,103,6
592,MZ08,21,N02,RCL148-C001,5,7506372,76,7
593,MZ08,21,N02,RCL155-C002,2,7506264,64,8
594,MZ08,21,N04,RCL161-C001,2,033010037,111,9
595,MZ08,21,N02,RCL164-C001,4,4535016,96,10
596,MZ08,21,N05,RCL168-C004,5,038070004,16,11
597,MZ08,21,N05,RCL174-C002,5,7551028,61,12
598,MZ08,21,N01,RCL184-C001,4,9201319,10,13
599,MZ08,21,N03,RCL191-C001,5,1143001,102,14
600,MZ08,21,N05,RCL193-C001,5,7002050,182,15
601,MZ08,21,N05,RCL197-C002,1,2321040,56,16
602,MZ08,21,N01,RCL198-C001,2,1195006,83,17
603,MZ08,21,N03,RCL201-C001,3,0560014,41,18
617,MZ08,22,N05,RCL116-C001,5,7060237,155,1
618,MZ08,22,N01,RCL135-C001,1,500198,22,2
619,MZ08,22,N02,RCL138-C002,5,5180024,149,3
620,MZ08,22,N01,RCL148-C004,2,7171308,23,4
621,MZ08,22,N03,RCL166-C001,3,6100759,24,5
622,MZ08,22,N04,RCL170-C001,1,7501090,55,6
623,MZ08,22,N04,RCL172-C002,5,7501152,205,7
624,MZ08,22,N05,RCL184-C001,1,2392309,19,8
625,MZ08,22,N02,RCL188-C003,2,0610012,21,9
626,MZ08,22,N04,RCL189-C004,4,0610025,38,10
627,MZ08,22,N02,RCL194-C002,2,2330050,126,11
628,MZ08,22,N03,RCL194-C002,5,0640005,24,12
629,MZ08,22,N02,RCL196-C001,1,0230033,33,13
630,MZ08,22,N03,RCL197-C002,4,0010050,21,14
631,MZ08,22,N03,RCL198-C001,3,1195005,36,15
632,MZ08,22,N01,RCL199-C001,2,8704012,18,16
633,MZ08,22,N01,RCL201-C001,1,0230034,18,17
634,MZ08,22,N05,RCL202-C001,4,0300724,108,18
635,MZ08,22,N05,RCL203-C001,2,0010051,36,19
636,MZ08,23,N01,RCL119-C004,4,5120404,89,1
637,MZ08,23,N02,RCL134-C001,4,500307,19,2
638,MZ08,23,N04,RCL134-C002,1,500313,41,3
639,MZ08,23,N02,RCL136-C001,5,500148,9,4
640,MZ08,23,N04,RCL139-C001,1,5090097,101,5
641,MZ08,23,N05,RCL147-C001,1,7110204,56,6
642,MZ08,23,N04,RCL147-C004,2,2395404,18,7
643,MZ08,23,N01,RCL148-C001,1,7506228,161,8
644,MZ08,23,N05,RCL164-C001,4,4530140,106,9
645,MZ08,23,N01,RCL167-C002,1,2321026,819,10
646,MZ08,23,N01,RCL172-C002,4,7501092,60,11
647,MZ08,23,N05,RCL187-C004,5,9111502,329,12
648,MZ08,23,N02,RCL195-C002,1,0030002,5,13
649,MZ08,23,N03,RCL196-C001,3,0380028,74,14
650,MZ08,23,N05,RCL196-C002,1,0230019,29,15
651,MZ08,23,N03,RCL198-C001,2,1195008,26,16
652,MZ08,23,N03,RCL198-C001,3,1195003,45,17
653,MZ08,23,N02,RCL201-C002,2,0590004,27,18
4465,MZ09,1,N01,RCL132-C003,1,5502180,8,1