mz_pasillo,mz_columna,articulo,estado
MZ01,16,7060241,pendiente
MZ01,16,6104588,pendiente
MZ01,16,5501136,pendiente
MZ01,16,6100130,pendiente
MZ01,16,6104570,pendiente
MZ01,16,500110,pendiente
MZ01,16,5170012,pendiente
MZ01,16,5170015,pendiente
MZ01,16,7506190,pendiente
MZ01,16,1628821,pendiente
MZ01,16,665597,pendiente
MZ01,16,1628820,pendiente
MZ01,16,2352300,pendiente
MZ01,16,2385008,pendiente
MZ01,16,4530146,pendiente
MZ01,16,2330404,pendiente
MZ02,20,7506170,pendiente
MZ02,21,7062417,pendiente
MZ01,17,7060101,pendiente
MZ01,17,6020412,pendiente
MZ01,17,6100165,pendiente
MZ01,17,5501125,pendiente
MZ01,17,6100166,pendiente
MZ01,17,61003012,pendiente
MZ01,17,3525093,pendiente
MZ01,17,6100127,pendiente
MZ01,17,6104579,pendiente
MZ01,17,500116,pendiente
MZ01,17,500117,pendiente
MZ01,17,500111,pendiente
MZ01,17,7502488,pendiente
MZ01,17,2385007,pendiente
MZ01,17,2352302,pendiente
MZ01,17,1629145,pendiente
MZ01,17,4530158,pendiente
MZ01,17,2330178,pendiente
MZ01,17,052440038,pendiente
MZ01,18,6020426,pendiente
MZ01,18,6100129,pendiente
MZ01,18,5140310,pendiente
MZ01,18,5140039,pendiente
MZ01,18,7506257,pendiente
MZ01,18,7506136,pendiente
MZ01,18,7502426,pendiente
MZ01,18,7502404,pendiente
MZ01,18,7506420,pendiente
MZ01,18,7506200,pendiente
MZ01,18,7502424,pendiente
MZ01,18,879165,pendiente
MZ01,18,961927,pendiente
MZ01,18,666054,pendiente
MZ01,18,4530148,pendiente
MZ01,18,052440039,pendiente
MZ02,22,5180021,pendiente
MZ02,23,7506457,pendiente
MZ01,19,5180020,pendiente
MZ01,20,5170019,pendiente
MZ01,20,7506376,pendiente
MZ01,20,7601214,pendiente
MZ01,20,7507048,pendiente
MZ01,20,7502438,pendiente
MZ01,20,1574675,pendiente
MZ01,20,7702045342031,pendiente
MZ01,20,2330235,pendiente
MZ01,20,2385001,pendiente
MZ01,20,4530156,pendiente
MZ01,20,023450002,pendiente
MZ01,20,052440149,pendiente
MZ01,20,9200330,pendiente
MZ02,24,038070015,pendiente
MZ02,25,878628,pendiente
MZ01,21,5140015,pendiente
MZ01,22,3525004,pendiente
MZ02,26,500113,pendiente
MZ02,26,5180002,pendiente
MZ02,26,7506238,pendiente
MZ02,26,7502408,pendiente
MZ02,26,7506223,pendiente
MZ02,26,7110205,pendiente
MZ02,26,7506256,pendiente
MZ02,26,7506248,pendiente
MZ02,26,297692,pendiente
MZ02,26,2352301,pendiente
MZ02,26,033010024,pendiente
MZ02,26,031480013,pendiente
MZ02,26,6150016,pendiente
MZ02,26,2330176,pendiente
MZ02,26,0380003,pendiente
MZ02,27,5230104,pendiente
MZ01,23,500115,pendiente
MZ02,28,3525015,pendiente
MZ02,29,7060254,pendiente
MZ02,29,500118,pendiente
MZ02,29,500109,pendiente
MZ02,29,5140041,pendiente
MZ02,29,5180019,pendiente
MZ02,29,5090109,pendiente
MZ02,29,7090015,pendiente
MZ02,29,7502406,pendiente
MZ02,29,7040807,pendiente
MZ02,29,7506400,pendiente
MZ02,29,2352001,pendiente
MZ02,29,961922,pendiente
MZ02,29,038070013,pendiente
MZ02,29,052440056,pendiente
MZ02,29,9200250,pendiente
MZ02,29,0200007,pendiente
MZ02,29,0610151,pendiente
MZ01,25,5140009,pendiente
MZ01,26,6020434,pendiente
MZ01,26,6020424,pendiente
MZ01,26,6020416,pendiente
MZ01,26,7503101,pendiente
MZ01,26,5180003,pendiente
MZ01,26,5180017,pendiente
MZ01,26,7506404,pendiente
MZ01,26,2385002,pendiente
MZ01,26,7702045342062,pendiente
MZ01,26,665598,pendiente
MZ01,26,6010022,pendiente
MZ01,26,031480018,pendiente
MZ01,26,4530147,pendiente
MZ01,26,052440180,pendiente
MZ01,26,8352920,pendiente
MZ01,26,1535262,pendiente
MZ01,26,0380005,pendiente
MZ01,26,0420127,pendiente
MZ01,26,0380004,pendiente
MZ02,30,038070020,pendiente
MZ01,27,5180030,pendiente
MZ01,27,7060206,pendiente
MZ01,27,6020402,pendiente
MZ01,27,5501130,pendiente
MZ01,27,5140500,pendiente
MZ01,27,7090038,pendiente
MZ01,27,7601212,pendiente
MZ01,27,7506122,pendiente
MZ01,27,7502420,pendiente
MZ01,27,7090620,pendiente
MZ01,27,031260039,pendiente
MZ01,27,7501131,pendiente
MZ01,27,3352010,pendiente
MZ01,27,0420134,pendiente
MZ01,27,0420141,pendiente
MZ01,28,7550974,pendiente
MZ01,29,0220002,pendiente
MZ01,30,3525007,pendiente
MZ03,20,5500404,pendiente
MZ03,20,5501132,pendiente
MZ03,20,500121,pendiente
MZ03,20,5230106,pendiente
MZ03,20,7090040,pendiente
MZ03,20,7062415,pendiente
MZ03,20,7506123,pendiente
MZ03,20,7500387,pendiente
MZ03,20,032440015,pendiente
MZ03,20,3270352,pendiente
MZ03,20,031260007,pendiente
MZ03,20,7501199,pendiente
MZ03,20,1520017,pendiente
MZ03,20,0380006,pendiente
MZ03,20,0140032,pendiente
MZ03,20,0140023,pendiente
MZ04,20,5140014,pendiente
MZ04,21,052440165,pendiente
MZ04,21,6104580,pendiente
MZ04,21,6101058,pendiente
MZ04,21,2385705,pendiente
MZ04,21,5120301,pendiente
MZ04,21,5230103,pendiente
MZ04,21,2385710,pendiente
MZ04,21,2385700,pendiente
MZ04,21,7500388,pendiente
MZ04,21,2395406,pendiente
MZ04,21,7506246,pendiente
MZ04,21,7090030,pendiente
MZ04,21,032440028,pendiente
MZ04,21,031260044,pendiente
MZ04,21,6150012,pendiente
MZ04,21,0570011,pendiente
MZ04,21,92110226,pendiente
MZ04,21,2321435,pendiente
MZ04,21,2321052,pendiente
MZ03,21,7501137,pendiente
MZ03,22,6020436,pendiente
MZ03,22,6101230,pendiente
MZ03,22,5140315,pendiente
MZ03,22,7090009,pendiente
MZ03,22,7090004,pendiente
MZ03,22,7502448,pendiente
MZ03,22,7502468,pendiente
MZ03,22,7506253,pendiente
MZ03,22,7506186,pendiente
MZ03,22,7090024,pendiente
MZ03,22,7054020,pendiente
MZ03,22,4005531,pendiente
MZ03,22,38070033,pendiente
MZ03,22,031260041,pendiente
MZ03,22,031260024,pendiente
MZ03,22,0300720,pendiente
MZ03,22,1195000,pendiente
MZ03,22,0380002,pendiente
MZ03,22,0380010,pendiente
MZ03,22,0010055,pendiente
MZ04,22,7550920,pendiente
MZ04,22,6020418,pendiente
MZ04,22,500112,pendiente
MZ04,22,5180022,pendiente
MZ04,22,5170013,pendiente
MZ04,22,5140008,pendiente
MZ04,22,7502428,pendiente
MZ04,22,038070016,pendiente
MZ04,22,2330437,pendiente
MZ04,22,7501924,pendiente
MZ04,22,7501144,pendiente
MZ04,22,9200277,pendiente
MZ04,22,7001838,pendiente
MZ04,22,0611023,pendiente
MZ04,23,7501135,pendiente
MZ03,23,5180018,pendiente
MZ03,23,1535267,pendiente
MZ03,23,5120421,pendiente
MZ03,23,5170018,pendiente
MZ03,23,5090103,pendiente
MZ03,23,7090026,pendiente
MZ03,23,7506384,pendiente
MZ03,23,7090016,pendiente
MZ03,23,1262062,pendiente
MZ03,23,7501687,pendiente
MZ03,23,7501930,pendiente
MZ03,23,8352910,pendiente
MZ03,23,8352151,pendiente
MZ03,23,0380012,pendiente
MZ03,23,0420126,pendiente
MZ03,23,0140024,pendiente
MZ03,24,500159,pendiente
MZ03,24,500143,pendiente
MZ03,24,2385720,pendiente
MZ03,24,2385715,pendiente
MZ03,24,7090028,pendiente
MZ03,24,7506252,pendiente
MZ03,24,7506393,pendiente
MZ03,24,961910,pendiente
MZ03,24,7054045,pendiente
MZ03,24,4530160,pendiente
MZ03,24,031260043,pendiente
MZ03,24,7501133,pendiente
MZ03,24,7502205,pendiente
MZ03,24,8352918,pendiente
MZ03,24,9200332,pendiente
MZ03,24,0380007,pendiente
MZ04,24,5500197,pendiente
MZ04,25,1520018,pendiente
MZ04,25,7060208,pendiente
MZ04,25,5230102,pendiente
MZ04,25,5230105,pendiente
MZ04,25,5180010,pendiente
MZ04,25,7090034,pendiente
MZ04,25,7090039,pendiente
MZ04,25,7090032,pendiente
MZ04,25,038070012,pendiente
MZ04,25,8352912,pendiente
MZ04,25,2392305,pendiente
MZ04,25,0010074,pendiente
MZ04,25,1195002,pendiente
MZ04,25,0420144,pendiente
MZ03,25,5500067,pendiente
MZ03,26,5240034,pendiente
MZ04,26,5140311,pendiente
MZ04,26,5240033,pendiente
MZ04,26,7506215,pendiente
MZ04,26,7506389,pendiente
MZ04,26,7502442,pendiente
MZ04,26,7110206,pendiente
MZ04,26,7506202,pendiente
MZ04,26,297686,pendiente
MZ04,26,2330436,pendiente
MZ04,26,38070031,pendiente
MZ04,26,7501728,pendiente
MZ04,26,7501686,pendiente
MZ04,26,7501127,pendiente
MZ04,26,0200004,pendiente
MZ04,26,2321046,pendiente
MZ04,26,0380008,pendiente
MZ03,27,7040011,pendiente
MZ04,28,2385721,pendiente
MZ04,28,5140001,pendiente
MZ04,28,7062420,pendiente
MZ04,28,7506844,pendiente
MZ04,28,879154,pendiente
MZ04,28,2385009,pendiente
MZ04,28,032440016,pendiente
MZ04,28,023450005,pendiente
MZ04,28,6150025,pendiente
MZ04,28,7501086,pendiente
MZ04,28,524401981,pendiente
MZ04,28,2330051,pendiente
MZ04,28,0140022,pendiente
MZ04,28,0410002,pendiente
MZ04,28,0010076,pendiente
MZ04,28,0380018,pendiente
MZ04,29,6032634,pendiente
MZ03,29,7060203,pendiente
MZ03,29,7060211,pendiente
MZ03,29,61003016,pendiente
MZ03,29,7503149,pendiente
MZ03,29,7054030,pendiente
MZ03,29,2352136,pendiente
MZ03,29,032440019,pendiente
MZ03,29,7501914,pendiente
MZ03,29,7501910,pendiente
MZ03,29,7501678,pendiente
MZ03,29,7501210,pendiente
MZ03,29,1520210,pendiente
MZ03,29,2380006,pendiente
MZ03,29,0010073,pendiente
MZ03,29,0420128,pendiente
MZ03,29,0420138,pendiente
MZ03,29,3352002,pendiente
MZ03,29,0140021,pendiente
MZ03,30,7060204,pendiente
MZ03,30,6032636,pendiente
MZ03,30,2140002,pendiente
MZ03,30,7025209,pendiente
MZ03,30,7506458,pendiente
MZ03,30,7025204,pendiente
MZ03,30,7506436,pendiente
MZ03,30,7062414,pendiente
MZ03,30,6150011,pendiente
MZ03,30,7501129,pendiente
MZ03,30,7501682,pendiente
MZ03,30,7501695,pendiente
MZ03,30,2392311,pendiente
MZ03,30,0140742,pendiente
MZ03,30,0300722,pendiente
MZ03,30,0420125,pendiente
MZ05,20,1520074,pendiente
MZ05,20,6104576,pendiente
MZ05,20,5170011,pendiente
MZ05,20,5140040,pendiente
MZ05,20,5170016,pendiente
MZ05,20,5240029,pendiente
MZ05,20,7506178,pendiente
MZ05,20,7550732,pendiente
MZ05,20,7550782,pendiente
MZ05,20,7090637,pendiente
MZ05,20,664558,pendiente
MZ05,20,032440018,pendiente
MZ05,20,023450007,pendiente
MZ05,20,7501674,pendiente
MZ05,20,7501733,pendiente
MZ05,20,0380019,pendiente
MZ05,20,0010075,pendiente
MZ05,20,0380017,pendiente
MZ06,20,92110228,pendiente
MZ05,21,500188,pendiente
MZ05,21,6020458,pendiente
MZ05,21,500119,pendiente
MZ05,21,7506196,pendiente
MZ05,21,7506224,pendiente
MZ05,21,7502466,pendiente
MZ05,21,023450006,pendiente
MZ05,21,033010030,pendiente
MZ05,21,031260038,pendiente
MZ05,21,031260021,pendiente
MZ05,21,7501125,pendiente
MZ05,21,8352914,pendiente
MZ05,21,0011172,pendiente
MZ05,21,0610972,pendiente
MZ05,21,0200009,pendiente
MZ05,21,3265002,pendiente
MZ05,21,0230038,pendiente
MZ05,22,7060131,pendiente
MZ05,22,5140000,pendiente
MZ05,22,5230101,pendiente
MZ05,22,2321534,pendiente
MZ05,22,7506250,pendiente
MZ05,22,7502440,pendiente
MZ05,22,502071,pendiente
MZ05,22,878633,pendiente
MZ05,22,4535010,pendiente
MZ05,22,7501908,pendiente
MZ05,22,1520073,pendiente
MZ05,22,0420145,pendiente
MZ05,22,0190085,pendiente
MZ05,22,0610150,pendiente
MZ05,22,1195010,pendiente
MZ05,22,0460135,pendiente
MZ06,22,6100162,pendiente
MZ06,22,5180006,pendiente
MZ06,22,5180061,pendiente
MZ06,22,5140026,pendiente
MZ06,22,5140050,pendiente
MZ06,22,5240036,pendiente
MZ06,22,5180060,pendiente
MZ06,22,5140010,pendiente
MZ06,22,7090010,pendiente
MZ06,22,7171326,pendiente
MZ06,22,7506247,pendiente
MZ06,22,7506401,pendiente
MZ06,22,2352002,pendiente
MZ06,22,032440017,pendiente
MZ06,22,45357933,pendiente
MZ06,22,7501918,pendiente
MZ06,22,2380005,pendiente
MZ06,22,0300723,pendiente
MZ06,22,0230037,pendiente
MZ06,22,2321035,pendiente
MZ06,23,7040003,pendiente
MZ06,23,5180011,pendiente
MZ06,23,5140006,pendiente
MZ06,23,7506423,pendiente
MZ06,23,7506377,pendiente
MZ06,23,7506220,pendiente
MZ06,23,2385006,pendiente
MZ06,23,031260022,pendiente
MZ06,23,7501912,pendiente
MZ06,23,7501740,pendiente
MZ06,23,7500709,pendiente
MZ06,23,1500500,pendiente
MZ06,23,0010072,pendiente
MZ06,23,0010058,pendiente
MZ06,23,0560015,pendiente
MZ06,23,1195020,pendiente
MZ06,23,0190084,pendiente
MZ05,23,6032610,pendiente
MZ05,23,5170014,pendiente
MZ05,23,5090100,pendiente
MZ05,23,5140031,pendiente
MZ05,23,5180012,pendiente
MZ05,23,5180015,pendiente
MZ05,23,5180028,pendiente
MZ05,23,7506405,pendiente
MZ05,23,666026,pendiente
MZ05,23,8706304,pendiente
MZ05,23,4535009,pendiente
MZ05,23,2330183,pendiente
MZ05,23,7501679,pendiente
MZ05,23,7501088,pendiente
MZ05,23,0440370,pendiente
MZ05,23,0510012,pendiente
MZ05,24,5240022,pendiente
MZ06,24,7507059,pendiente
MZ06,25,7040002,pendiente
MZ06,25,5500207,pendiente
MZ06,25,5180008,pendiente
MZ06,25,7506428,pendiente
MZ06,25,7062413,pendiente
MZ06,25,7110209,pendiente
MZ06,25,023450004,pendiente
MZ06,25,38070030,pendiente
MZ06,25,7501768,pendiente
MZ06,25,7501138,pendiente
MZ06,25,0570068,pendiente
MZ06,25,2321051,pendiente
MZ06,25,0410005,pendiente
MZ06,25,2321050,pendiente
MZ06,25,2322002,pendiente
MZ06,25,1143005,pendiente
MZ05,25,7550982,pendiente
MZ05,25,6032673,pendiente
MZ05,25,6032614,pendiente
MZ05,25,7040008,pendiente
MZ05,25,5240025,pendiente
MZ05,25,7502481,pendiente
MZ05,25,7506134,pendiente
MZ05,25,7506148,pendiente
MZ05,25,032440022,pendiente
MZ05,25,038070019,pendiente
MZ05,25,7501744,pendiente
MZ05,25,15005001,pendiente
MZ05,25,0300721,pendiente
MZ05,25,0300725,pendiente
MZ05,25,0570065,pendiente
MZ06,26,5240405,pendiente
MZ06,26,6032811,pendiente
MZ06,26,6020460,pendiente
MZ06,26,5003461,pendiente
MZ06,26,500089,pendiente
MZ06,26,5180027,pendiente
MZ06,26,5180035,pendiente
MZ06,26,7506058,pendiente
MZ06,26,7506385,pendiente
MZ06,26,032440027,pendiente
MZ06,26,7501212,pendiente
MZ06,26,4530154,pendiente
MZ06,26,0440371,pendiente
MZ06,26,0570064,pendiente
MZ06,26,0420150,pendiente
MZ06,27,5001431,pendiente
MZ06,27,7060242,pendiente
MZ06,27,6032810,pendiente
MZ06,27,5500208,pendiente
MZ06,27,500453,pendiente
MZ06,27,5180050,pendiente
MZ06,27,7506396,pendiente
MZ06,27,7445005603765,pendiente
MZ06,27,2320129,pendiente
MZ06,27,3270354,pendiente
MZ06,27,4535316,pendiente
MZ06,27,2330446,pendiente
MZ06,27,7551027,pendiente
MZ06,27,7501936,pendiente
MZ06,27,1109034,pendiente
MZ06,27,0140026,pendiente
MZ05,27,0050012,pendiente
MZ05,27,7060253,pendiente
MZ05,27,6020456,pendiente
MZ05,27,6036800,pendiente
MZ05,27,5500161,pendiente
MZ05,27,5090104,pendiente
MZ05,27,7090048,pendiente
MZ05,27,7502460,pendiente
MZ05,27,7090036,pendiente
MZ05,27,2235105,pendiente
MZ05,27,7601216,pendiente
MZ05,27,3256520,pendiente
MZ05,27,7501089,pendiente
MZ05,27,501529,pendiente
MZ05,27,9200150,pendiente
MZ05,27,0610005,pendiente
MZ05,27,0420147,pendiente
MZ05,27,7501215,pendiente
MZ05,27,0640007,pendiente
MZ05,28,5120403,pendiente
MZ06,28,2321036,pendiente
MZ06,29,2321981,pendiente
MZ05,29,6032640,pendiente
MZ05,29,500114,pendiente
MZ05,29,500197,pendiente
MZ05,29,5180036,pendiente
MZ05,29,5240030,pendiente
MZ05,29,7110208,pendiente
MZ05,29,6020003,pendiente
MZ05,29,7501929,pendiente
MZ05,29,7501716,pendiente
MZ05,29,9200331,pendiente
MZ05,29,2392307,pendiente
MZ05,29,3265003,pendiente
MZ05,29,0650001,pendiente
MZ05,29,0230039,pendiente
MZ05,29,0585008,pendiente
MZ05,29,2322001,pendiente
MZ05,29,0410001,pendiente
MZ05,30,5140043,pendiente
MZ06,30,7060236,pendiente
MZ06,30,7060217,pendiente
MZ06,30,6036805,pendiente
MZ06,30,6020420,pendiente
MZ06,30,3525129,pendiente
MZ06,30,500488,pendiente
MZ06,30,5140048,pendiente
MZ06,30,5090099,pendiente
MZ06,30,5090102,pendiente
MZ06,30,2395403,pendiente
MZ06,30,0140847,pendiente
MZ06,30,9200329,pendiente
MZ06,30,7550005,pendiente
MZ06,30,0380032,pendiente
MZ06,30,0410007,pendiente
MZ06,30,1143003,pendiente
MZ06,30,0640004,pendiente
MZ06,30,0010070,pendiente
MZ06,30,0420129,pendiente
MZ07,20,7090042,pendiente
MZ08,20,7060244,pendiente
MZ08,20,5240024,pendiente
MZ08,20,7506210,pendiente
MZ08,20,7502462,pendiente
MZ08,20,7090007,pendiente
MZ08,20,7506394,pendiente
MZ08,20,492818,pendiente
MZ08,20,3270350,pendiente
MZ08,20,031260040,pendiente
MZ08,20,2330190,pendiente
MZ08,20,038070003,pendiente
MZ08,20,7501095,pendiente
MZ08,20,1520023,pendiente
MZ08,20,1143002,pendiente
MZ08,20,0460136,pendiente
MZ08,20,0590009,pendiente
MZ08,20,0610152,pendiente
MZ08,20,2321043,pendiente
MZ08,20,0510011,pendiente
MZ08,20,0230021,pendiente
MZ08,21,7550973,pendiente
MZ08,21,7060214,pendiente
MZ08,21,5140005,pendiente
MZ08,21,5180013,pendiente
MZ08,21,5170024,pendiente
MZ08,21,7500389,pendiente
MZ08,21,7506372,pendiente
MZ08,21,7506264,pendiente
MZ08,21,033010037,pendiente
MZ08,21,4535016,pendiente
MZ08,21,038070004,pendiente
MZ08,21,7551028,pendiente
MZ08,21,9201319,pendiente
MZ08,21,1143001,pendiente
MZ08,21,7002050,pendiente
MZ08,21,2321040,pendiente
MZ08,21,1195006,pendiente
MZ08,21,0560014,pendiente
MZ07,21,6032660,pendiente
MZ07,22,4020213,pendiente
MZ07,22,7060220,pendiente
MZ07,22,6036808,pendiente
MZ07,22,6020001,pendiente
MZ07,22,6010018,pendiente
MZ07,22,4050003,pendiente
MZ07,22,032440021,pendiente
MZ07,22,0140849,pendiente
MZ07,22,8002003,pendiente
MZ07,22,0612001,pendiente
MZ07,22,0590013,pendiente
MZ07,22,0140027,pendiente
MZ08,22,7060237,pendiente
MZ08,22,500198,pendiente
MZ08,22,5180024,pendiente
MZ08,22,7171308,pendiente
MZ08,22,6100759,pendiente
MZ08,22,7501090,pendiente
MZ08,22,7501152,pendiente
MZ08,22,2392309,pendiente
MZ08,22,0610012,pendiente
MZ08,22,0610025,pendiente
MZ08,22,2330050,pendiente
MZ08,22,0640005,pendiente
MZ08,22,0230033,pendiente
MZ08,22,0010050,pendiente
MZ08,22,1195005,pendiente
MZ08,22,8704012,pendiente
MZ08,22,0230034,pendiente
MZ08,22,0300724,pendiente
MZ08,22,0010051,pendiente
MZ08,23,5120404,pendiente
MZ08,23,500307,pendiente
MZ08,23,500313,pendiente
MZ08,23,500148,pendiente
MZ08,23,5090097,pendiente
MZ08,23,7110204,pendiente
MZ08,23,2395404,pendiente
MZ08,23,7506228,pendiente
MZ08,23,4530140,pendiente
MZ08,23,2321026,pendiente
MZ08,23,7501092,pendiente
MZ08,23,9111502,pendiente
MZ08,23,0030002,pendiente
MZ08,23,0380028,pendiente
MZ08,23,0230019,pendiente
MZ08,23,1195008,pendiente
MZ08,23,1195003,pendiente
MZ08,23,0590004,pendiente
MZ07,23,6032671,pendiente
MZ07,23,5180401,pendiente
MZ07,23,5180009,pendiente
MZ07,23,5180016,pendiente
MZ07,23,7550794,pendiente
MZ07,23,4050002,pendiente
MZ07,23,2330424,pendiente
MZ07,23,7005402,pendiente
MZ07,23,9211236,pendiente
MZ07,23,0460132,pendiente
MZ07,23,0010057,pendiente
MZ07,23,0570062,pendiente
MZ07,23,0010054,pendiente
MZ07,23,0560016,pendiente
MZ07,23,0610170,pendiente
MZ07,24,6032624,pendiente
MZ07,24,5180004,pendiente
MZ07,24,5230108,pendiente
MZ07,24,7171314,pendiente
MZ07,24,7550844,pendiente
MZ07,24,7506390,pendiente
MZ07,24,7506030,pendiente
MZ07,24,0420008,pendiente
MZ07,24,0420146,pendiente
MZ07,24,0300718,pendiente
MZ07,24,0230018,pendiente
MZ07,24,1195009,pendiente
MZ07,24,0380020,pendiente
MZ07,24,0030001,pendiente
MZ01,31,7040010,pendiente
MZ02,31,4020224,pendiente
MZ02,31,4020229,pendiente
MZ02,31,5170405,pendiente
MZ02,31,6010026,pendiente
MZ02,31,6101504,pendiente
MZ02,31,500141,pendiente
MZ02,31,7062416,pendiente
MZ02,31,7506152,pendiente
MZ02,31,7506437,pendiente
MZ02,31,7506114,pendiente
MZ02,31,7501691,pendiente
MZ02,31,0300719,pendiente
MZ02,31,1195037,pendiente
MZ02,31,1195001,pendiente
MZ02,31,5007000,pendiente
MZ02,31,0380027,pendiente
MZ02,31,0460141,pendiente
MZ02,32,7054069,pendiente
MZ02,32,4535002,pendiente
MZ02,32,7501139,pendiente
MZ02,32,7001837,pendiente
MZ02,32,9200123,pendiente
MZ02,32,2330052,pendiente
MZ02,32,0420149,pendiente
MZ02,32,2321053,pendiente
MZ02,32,0230025,pendiente
MZ02,32,0010071,pendiente
MZ02,32,0230044,pendiente
MZ02,32,0590008,pendiente
MZ02,32,1195025,pendiente
MZ02,32,1195027,pendiente
MZ02,32,1205010,pendiente
MZ02,32,0410018,pendiente
MZ02,32,4020455,pendiente
MZ02,32,0010069,pendiente
MZ02,32,0180001,pendiente
MZ01,32,6032642,pendiente
MZ01,32,5140045,pendiente
MZ01,32,7506218,pendiente
MZ01,32,0324400250,pendiente
MZ01,32,0460923,pendiente
MZ01,32,7501938,pendiente
MZ01,32,9203006,pendiente
MZ01,32,0230016,pendiente
MZ01,32,8002002,pendiente
MZ01,32,1190001,pendiente
MZ01,32,0010068,pendiente
MZ01,32,1260001,pendiente
MZ01,32,0230013,pendiente
MZ01,32,1195016,pendiente
MZ01,32,1195024,pendiente
MZ01,32,0380011,pendiente
MZ01,32,0230041,pendiente
MZ01,33,7060223,pendiente
MZ01,33,6036809,pendiente
MZ01,33,6032616,pendiente
MZ01,33,500463,pendiente
MZ01,33,500090,pendiente
MZ01,33,5170010,pendiente
MZ01,33,7506280,pendiente
MZ01,33,7025205,pendiente
MZ01,33,7550784,pendiente
MZ01,33,7501199467122,pendiente
MZ01,33,6150013,pendiente
MZ01,33,4535412,pendiente
MZ01,33,7501082,pendiente
MZ01,33,0140846,pendiente
MZ01,33,7501917,pendiente
MZ02,33,6101518,pendiente
MZ02,34,5140020,pendiente
MZ02,34,5090098,pendiente
MZ02,34,033010026,pendiente
MZ02,34,0570005,pendiente
MZ02,34,2330168,pendiente
MZ02,34,2392318,pendiente
MZ02,34,9041043,pendiente
MZ02,34,9041045,pendiente
MZ02,34,0230009,pendiente
MZ02,34,0380029,pendiente
MZ02,34,0590012,pendiente
MZ02,34,0200010,pendiente
MZ02,34,2321049,pendiente
MZ02,34,0230015,pendiente
MZ02,34,0010061,pendiente
MZ02,34,0230035,pendiente
MZ02,34,7501218,pendiente
MZ01,34,500149,pendiente
MZ01,34,5140042,pendiente
MZ01,34,5140019,pendiente
MZ01,34,5180023,pendiente
MZ01,34,7506258,pendiente
MZ01,34,2395402,pendiente
MZ01,34,7502451,pendiente
MZ01,34,6150018,pendiente
MZ01,34,2330165,pendiente
MZ01,34,7501732,pendiente
MZ01,34,7501143,pendiente
MZ01,34,2380004,pendiente
MZ01,34,9211232,pendiente
MZ01,34,2321870,pendiente
MZ01,34,0010053,pendiente
MZ01,34,92110159,pendiente
MZ01,34,0380009,pendiente
MZ01,34,1195007,pendiente
MZ01,34,0560022,pendiente
MZ01,35,7040009,pendiente
MZ02,35,6032612,pendiente
MZ02,35,7550083,pendiente
MZ02,35,5180014,pendiente
MZ02,35,5180040,pendiente
MZ02,35,5090110,pendiente
MZ02,35,7506126,pendiente
MZ02,35,7090047,pendiente
MZ02,35,2395401,pendiente
MZ02,35,0230014,pendiente
MZ02,35,7001840,pendiente
MZ02,35,0190083,pendiente
MZ02,35,0010078,pendiente
MZ02,35,3352012,pendiente
MZ02,35,0640008,pendiente
MZ02,35,0420124,pendiente
MZ02,35,2321993,pendiente
MZ02,36,6032662,pendiente
MZ01,36,0050003,pendiente
MZ01,36,3270100,pendiente
MZ01,36,5120418,pendiente
MZ01,36,6032003,pendiente
MZ01,36,7550211,pendiente
MZ01,36,500191,pendiente
MZ01,36,7506432,pendiente
MZ01,36,7041070,pendiente
MZ01,36,7090050,pendiente
MZ01,36,7090049,pendiente
MZ01,36,7506431,pendiente
MZ01,36,7090070,pendiente
MZ01,36,0140845,pendiente
MZ01,36,7501093,pendiente
MZ01,36,7500710,pendiente
MZ01,36,1143004,pendiente
MZ01,36,0420137,pendiente
MZ01,36,0560019,pendiente
MZ03,31,5140046,pendiente
MZ03,31,7054041,pendiente
MZ03,31,6032004,pendiente
MZ03,31,4530155,pendiente
MZ03,31,6100123,pendiente
MZ03,31,3300308,pendiente
MZ03,31,9041059,pendiente
MZ03,31,9200185,pendiente
MZ03,31,9200224,pendiente
MZ03,31,2392327,pendiente
MZ03,31,0230022,pendiente
MZ03,31,0707007,pendiente
MZ03,31,0230036,pendiente
MZ03,31,1195038,pendiente
MZ03,31,3352162,pendiente
MZ03,31,0380014,pendiente
MZ03,31,0410003,pendiente
MZ04,31,4020222,pendiente
MZ04,31,4020227,pendiente
MZ04,31,7060100,pendiente
MZ04,31,7060224,pendiente
MZ04,31,5170508,pendiente
MZ04,31,5120420,pendiente
MZ04,31,6020438,pendiente
MZ04,31,61002018,pendiente
MZ04,31,500573,pendiente
MZ04,31,7054068,pendiente
MZ04,31,1195023,pendiente
MZ04,31,1195039,pendiente
MZ04,31,1195014,pendiente
MZ04,31,1195032,pendiente
MZ04,31,1195017,pendiente
MZ04,31,1205001,pendiente
MZ04,31,2321039,pendiente
MZ04,31,8002004,pendiente
MZ04,31,0230006,pendiente
MZ04,32,7550846,pendiente
MZ04,32,7502434,pendiente
MZ04,32,2330438,pendiente
MZ04,32,9200328,pendiente
MZ04,32,2392333,pendiente
MZ04,32,2380002,pendiente
MZ04,32,0130024,pendiente
MZ04,32,7417000508239,pendiente
MZ04,32,0707009,pendiente
MZ04,32,0200008,pendiente
MZ04,32,0230011,pendiente
MZ04,32,2330053,pendiente
MZ04,32,0230017,pendiente
MZ04,32,0230005,pendiente
MZ04,32,5170026,pendiente
MZ04,32,0590011,pendiente
MZ04,32,0230024,pendiente
MZ03,32,9111430,pendiente
MZ03,33,7550728,pendiente
MZ03,33,4020226,pendiente
MZ03,33,7060115,pendiente
MZ03,33,5170522,pendiente
MZ03,33,5120428,pendiente
MZ03,33,7550081,pendiente
MZ03,33,7503517,pendiente
MZ03,33,3018102,pendiente
MZ03,33,5230107,pendiente
MZ03,33,7090012,pendiente
MZ03,33,0611024,pendiente
MZ03,33,2321042,pendiente
MZ03,33,1195030,pendiente
MZ03,33,3352014,pendiente
MZ03,33,8708003,pendiente
MZ03,33,8708001,pendiente
MZ03,33,0010059,pendiente
MZ03,33,0230031,pendiente
MZ04,33,6020430,pendiente
MZ04,34,5240027,pendiente
MZ04,34,7506848,pendiente
MZ04,34,7054002,pendiente
MZ04,34,7506407,pendiente
MZ04,34,7550788,pendiente
MZ04,34,7054066,pendiente
MZ04,34,7001800,pendiente
MZ04,34,961912,pendiente
MZ04,34,666028,pendiente
MZ04,34,3300305,pendiente
MZ04,34,0420268,pendiente
MZ04,34,0460149,pendiente
MZ04,34,2321439,pendiente
MZ04,34,0380013,pendiente
MZ04,34,9111183,pendiente
MZ03,34,0050008,pendiente
MZ03,34,5180406,pendiente
MZ03,34,5120450,pendiente
MZ03,34,7040001,pendiente
MZ03,34,500158,pendiente
MZ03,34,500190,pendiente
MZ03,34,7504007,pendiente
MZ03,34,5240042,pendiente
MZ03,34,0570069,pendiente
MZ03,34,1195041,pendiente
MZ03,34,1195012,pendiente
MZ03,34,3352040,pendiente
MZ03,34,3352008,pendiente
MZ03,34,7501216,pendiente
MZ03,34,3270110,pendiente
MZ03,35,5170021,pendiente
MZ03,35,7506424,pendiente
MZ03,35,7502414,pendiente
MZ03,35,7550802,pendiente
MZ03,35,023450001,pendiente
MZ03,35,031480006,pendiente
MZ03,35,9200322,pendiente
MZ03,35,9111602,pendiente
MZ03,35,0205001,pendiente
MZ03,35,0200005,pendiente
MZ03,35,0460148,pendiente
MZ03,35,0420148,pendiente
MZ03,35,0420079,pendiente
MZ03,35,0380022,pendiente
MZ03,35,0420139,pendiente
MZ03,35,0490016,pendiente
MZ03,35,0130023,pendiente
MZ04,35,4020230,pendiente
MZ04,35,4020212,pendiente
MZ04,35,5170524,pendiente
MZ04,35,5170523,pendiente
MZ04,35,6020414,pendiente
MZ04,35,6032650,pendiente
MZ04,35,7500505,pendiente
MZ04,35,5140047,pendiente
MZ04,35,7502464,pendiente
MZ04,35,7550842,pendiente
MZ04,35,0380023,pendiente
MZ04,35,0420132,pendiente
MZ04,35,0230026,pendiente
MZ04,35,1195034,pendiente
MZ04,35,3352108,pendiente
MZ04,35,8002018,pendiente
MZ04,35,0410011,pendiente
MZ04,35,0010060,pendiente
MZ04,35,0208001,pendiente
MZ04,36,6020002,pendiente
MZ04,36,023450003,pendiente
MZ04,36,032440020,pendiente
MZ04,36,0570007,pendiente
MZ04,36,7001997,pendiente
MZ04,36,6150049,pendiente
MZ04,36,7501909,pendiente
MZ04,36,7501146,pendiente
MZ04,36,7501085,pendiente
MZ04,36,052440051,pendiente
MZ04,36,9200115,pendiente
MZ04,36,0011167,pendiente
MZ04,36,1619BZ0100,pendiente
MZ04,36,7441050500059,pendiente
MZ04,36,0140031,pendiente
MZ04,36,0560018,pendiente
MZ04,36,0460142,pendiente
MZ03,36,4020228,pendiente
MZ03,36,4020223,pendiente
MZ03,36,6095000,pendiente
MZ03,36,7060106,pendiente
MZ03,36,5120408,pendiente
MZ03,36,6032626,pendiente
MZ03,36,5500408,pendiente
MZ03,36,500199,pendiente
MZ03,36,5001432,pendiente
MZ03,36,500476,pendiente
MZ03,36,5140049,pendiente
MZ03,36,7090011,pendiente
MZ03,36,1195015,pendiente
MZ03,36,1205024,pendiente
MZ03,36,0490021,pendiente
MZ03,36,0420140,pendiente
MZ03,36,0460145,pendiente
MZ03,36,0010056,pendiente
MZ03,36,2321048,pendiente
MZ06,31,0420084,pendiente
MZ06,31,0420007,pendiente
MZ06,31,0010067,pendiente
MZ06,31,0230042,pendiente
MZ06,31,1195019,pendiente
MZ06,31,1195018,pendiente
MZ01,10,7507214,pendiente
MZ01,10,2330300,pendiente
MZ01,10,7502432,pendiente
MZ01,10,7506862,pendiente
MZ01,10,6010027,pendiente
MZ01,10,7507119,pendiente
MZ01,10,7501669,pendiente
MZ01,10,2352322,pendiente
MZ01,10,0011168,pendiente
MZ01,10,0230027,pendiente
MZ01,10,0230029,pendiente
MZ01,10,0230007,pendiente
MZ01,10,5170028,pendiente
MZ02,10,9200314,pendiente
MZ02,11,4020216,pendiente
MZ02,11,0050004,pendiente
MZ02,11,7060133,pendiente
MZ02,11,7060210,pendiente
MZ02,11,5170507,pendiente
MZ02,11,5240418,pendiente
MZ02,11,5240015,pendiente
MZ02,11,0560020,pendiente
MZ02,11,0230008,pendiente
MZ02,11,1195028,pendiente
MZ02,11,1195040,pendiente
MZ02,11,1195046,pendiente
MZ02,11,5170031,pendiente
MZ02,11,2330054,pendiente
MZ02,11,8002005,pendiente
MZ02,11,0150003,pendiente
MZ02,11,2321045,pendiente
MZ02,11,0570067,pendiente
MZ01,11,052440049,pendiente
MZ01,11,8352916,pendiente
MZ01,11,0570015,pendiente
MZ01,11,2380003,pendiente
MZ01,11,2392319,pendiente
MZ01,11,0011173,pendiente
MZ01,11,0230010,pendiente
MZ01,11,0707008,pendiente
MZ01,11,0640001,pendiente
MZ01,11,0490029,pendiente
MZ01,11,0420001,pendiente
MZ01,11,9130212,pendiente
MZ01,11,0380021,pendiente
MZ01,11,0420135,pendiente
MZ01,12,4020215,pendiente
MZ01,12,5170514,pendiente
MZ01,12,7041022,pendiente
MZ01,12,3040524,pendiente
MZ01,12,5501135,pendiente
MZ01,12,500458,pendiente
MZ01,12,7506226,pendiente
MZ01,12,7054001,pendiente
MZ01,12,7506219,pendiente
MZ01,12,7506078,pendiente
MZ01,12,2385106,pendiente
MZ01,12,0460953,pendiente
MZ01,12,7501756,pendiente
MZ01,12,7500693,pendiente
MZ01,12,1143006,pendiente
MZ01,12,0460146,pendiente
MZ01,12,8002023,pendiente
MZ01,12,0380015,pendiente
MZ02,12,92110646,pendiente
MZ02,12,92110632,pendiente
MZ02,12,2321536,pendiente
MZ02,12,9111498,pendiente
MZ02,12,0200002,pendiente
MZ02,12,0010065,pendiente
MZ02,12,0709200,pendiente
MZ02,12,0709085,pendiente
MZ02,12,8002009,pendiente
MZ02,12,0010063,pendiente
MZ02,12,2330056,pendiente
MZ02,12,0010064,pendiente
MZ02,12,92110155,pendiente
MZ02,12,0340001,pendiente
MZ02,12,3265020,pendiente
MZ02,12,1195035,pendiente
MZ02,12,1195026,pendiente
MZ02,12,1205013,pendiente
MZ02,12,1205008,pendiente
MZ02,13,5180005,pendiente
MZ02,13,7507200,pendiente
MZ02,13,7506978,pendiente
MZ02,13,7506378,pendiente
MZ02,13,7506109,pendiente
MZ02,13,7506832,pendiente
MZ02,13,7090625,pendiente
MZ02,13,2330426,pendiente
MZ02,13,7501911,pendiente
MZ02,13,7501916,pendiente
MZ02,13,7501772,pendiente
MZ02,13,7501952,pendiente
MZ02,13,7501145,pendiente
MZ02,13,4530200,pendiente
MZ02,13,9250001,pendiente
MZ01,13,4020214,pendiente
MZ01,13,5180405,pendiente
MZ01,13,6020452,pendiente
MZ01,13,6036803,pendiente
MZ01,13,7041021,pendiente
MZ01,13,0640002,pendiente
MZ01,13,7001367,pendiente
MZ01,13,0420136,pendiente
MZ01,13,0230012,pendiente
MZ01,13,0490010,pendiente
MZ01,13,1195036,pendiente
MZ01,13,8002006,pendiente
MZ01,13,1205000,pendiente
MZ01,13,8002007,pendiente
MZ01,13,0610147,pendiente
MZ01,13,2321058,pendiente
MZ01,13,0150001,pendiente
MZ01,14,5170020,pendiente
MZ01,14,5140007,pendiente
MZ01,14,7062404,pendiente
MZ01,14,7506125,pendiente
MZ01,14,7062412,pendiente
MZ01,14,7506242,pendiente
MZ01,14,7507246,pendiente
MZ01,14,2385092,pendiente
MZ01,14,878629,pendiente
MZ01,14,038070002,pendiente
MZ01,14,52440427,pendiente
MZ01,14,9200317,pendiente
MZ01,14,9200149,pendiente
MZ01,14,9200327,pendiente
MZ01,14,01757931,pendiente
MZ01,14,2321370,pendiente
MZ01,14,92110611,pendiente
MZ01,14,9111576,pendiente
MZ02,14,5120400,pendiente
MZ02,14,4020220,pendiente
MZ02,14,4020225,pendiente
MZ02,14,4020211,pendiente
MZ02,14,5120405,pendiente
MZ02,14,5170403,pendiente
MZ02,14,6020432,pendiente
MZ02,14,6032652,pendiente
MZ02,14,0420130,pendiente
MZ02,14,0460140,pendiente
MZ02,14,8002001,pendiente
MZ02,14,8002008,pendiente
MZ02,14,0490015,pendiente
MZ02,14,0490013,pendiente
MZ02,14,0490014,pendiente
MZ02,14,0560021,pendiente
MZ02,15,2385111,pendiente
MZ02,15,3256824,pendiente
MZ02,15,7062921,pendiente
MZ02,15,7500712,pendiente
MZ02,15,0114013,pendiente
MZ02,15,2392320,pendiente
MZ02,15,9101570,pendiente
MZ02,15,7008302,pendiente
MZ02,15,0230050,pendiente
MZ02,15,0410299,pendiente
MZ02,15,0010062,pendiente
MZ02,15,92110154,pendiente
MZ02,15,0230003,pendiente
MZ02,15,0420153,pendiente
MZ02,15,0230023,pendiente
MZ02,15,8708005,pendiente
MZ02,15,0420142,pendiente
MZ02,15,0420143,pendiente
MZ01,15,5180044,pendiente
MZ01,15,5240023,pendiente
MZ01,15,7040007,pendiente
MZ01,15,5035002,pendiente
MZ01,15,7506156,pendiente
MZ01,15,7506017,pendiente
MZ01,15,7507240,pendiente
MZ01,15,7506422,pendiente
MZ01,15,7506104,pendiente
MZ01,15,9041820,pendiente
MZ01,15,7090046,pendiente
MZ01,15,7506154,pendiente
MZ01,15,7507206,pendiente
MZ01,15,7171304,pendiente
MZ01,15,7054040,pendiente
MZ01,15,2385093,pendiente
MZ02,16,5120431,pendiente
MZ02,16,5120442,pendiente
MZ02,16,7040000,pendiente
MZ02,16,501420,pendiente
MZ02,16,5140044,pendiente
MZ02,16,5230109,pendiente
MZ02,16,5180029,pendiente
MZ02,16,3352076,pendiente
MZ02,16,1205027,pendiente
MZ02,16,3265021,pendiente
MZ02,16,7008301,pendiente
MZ02,16,0410009,pendiente
MZ02,16,0460147,pendiente
MZ02,16,5170027,pendiente
MZ02,16,7041032,pendiente
MZ02,17,1515036,pendiente
MZ02,17,2392328,pendiente
MZ02,17,2352026,pendiente
MZ02,17,2352027,pendiente
MZ02,17,9111077,pendiente
MZ02,17,0490026,pendiente
MZ02,17,0380030,pendiente
MZ02,17,0707013,pendiente
MZ02,17,8002011,pendiente
MZ02,17,9130210,pendiente
MZ02,17,9130202,pendiente
MZ02,17,9111329,pendiente
MZ02,17,92110156,pendiente
MZ02,17,0420133,pendiente
MZ02,17,1195033,pendiente
MZ02,18,7550086,pendiente
MZ02,18,5140033,pendiente
MZ02,18,7507212,pendiente
MZ02,18,7506402,pendiente
MZ02,18,7506048,pendiente
MZ02,18,VH901700AV,pendiente
MZ02,18,7506449,pendiente
MZ02,18,7550812,pendiente
MZ02,18,7506160,pendiente
MZ02,18,033010027,pendiente
MZ02,18,2320124,pendiente
MZ02,18,2320025,pendiente
MZ02,18,7501944,pendiente
MZ02,18,7501913,pendiente
MZ02,18,7500834,pendiente
MZ02,18,7500711,pendiente
MZ02,18,9200324,pendiente
MZ02,19,4020219,pendiente
MZ02,19,7550928,pendiente
MZ02,19,5180403,pendiente
MZ02,19,5170504,pendiente
MZ02,19,5120521,pendiente
MZ02,19,5120438,pendiente
MZ02,19,5120412,pendiente
MZ02,19,6032007,pendiente
MZ02,19,7040014,pendiente
MZ02,19,7041014,pendiente
MZ02,19,6101057,pendiente
MZ02,19,61001097,pendiente
MZ02,19,1195022,pendiente
MZ02,19,3352042,pendiente
MZ02,19,1205029,pendiente
MZ02,19,0420152,pendiente
MZ02,19,2321047,pendiente
MZ02,19,0230020,pendiente
MZ03,10,9200323,pendiente
MZ03,10,2392378,pendiente
MZ03,10,0140737,pendiente
MZ03,10,0230043,pendiente
MZ03,10,0420154,pendiente
MZ03,10,0707010,pendiente
MZ03,10,0709061,pendiente
MZ03,10,7002016,pendiente
MZ03,10,0640003,pendiente
MZ03,10,0420086,pendiente
MZ03,10,0380024,pendiente
MZ03,10,0490020,pendiente
MZ03,10,0366220,pendiente
MZ03,10,1195031,pendiente
MZ04,10,7090045,pendiente
MZ04,10,7506106,pendiente
MZ04,10,7506056,pendiente
MZ04,10,7110201,pendiente
MZ04,10,7062407,pendiente
MZ04,10,2320022,pendiente
MZ04,10,7550239,pendiente
MZ04,10,7501148,pendiente
MZ04,10,7551004,pendiente
MZ04,10,7090521,pendiente
MZ04,10,8352211,pendiente
MZ04,10,3352003,pendiente
MZ04,10,2392402,pendiente
MZ04,10,2392370,pendiente
MZ04,10,9041058,pendiente
MZ04,10,9041060,pendiente
MZ04,10,9200138,pendiente
MZ04,11,7060113,pendiente
MZ04,11,7550972,pendiente
MZ04,11,5170519,pendiente
MZ04,11,5140600,pendiente
MZ04,11,5120452,pendiente
MZ04,11,5120550,pendiente
MZ04,11,5120457,pendiente
MZ04,11,5120519,pendiente
MZ04,11,5120506,pendiente
MZ04,11,6032008,pendiente
MZ04,11,6032622,pendiente
MZ04,11,7503059,pendiente
MZ04,11,5140051,pendiente
MZ04,11,7550754,pendiente
MZ04,11,7506116,pendiente
MZ04,11,7506834,pendiente
MZ04,11,7506108,pendiente
MZ03,11,9110000,pendiente
MZ03,11,2330010,pendiente
MZ03,11,7060245,pendiente
MZ03,11,5170025,pendiente
MZ03,11,0230032,pendiente
MZ03,11,1195013,pendiente
MZ03,11,1195045,pendiente
MZ03,11,1195048,pendiente
MZ03,11,1205025,pendiente
MZ03,11,0420131,pendiente
MZ03,11,0410019,pendiente
MZ03,11,8002012,pendiente
MZ03,11,0150002,pendiente
MZ03,11,2321041,pendiente
MZ03,11,0230047,pendiente
MZ03,11,2321991,pendiente
MZ04,12,2392342,pendiente
MZ04,12,9200251,pendiente
MZ04,12,9200233,pendiente
MZ04,12,9200242,pendiente
MZ04,12,9041032,pendiente
MZ04,12,01759480,pendiente
MZ04,12,0011166,pendiente
MZ04,12,92110631,pendiente
MZ04,12,0610968,pendiente
MZ04,12,0010077,pendiente
MZ04,12,9130237,pendiente
MZ04,12,92110141,pendiente
MZ04,12,9111351,pendiente
MZ04,12,0460144,pendiente
MZ04,12,9111030,pendiente
MZ04,12,0230004,pendiente
MZ04,13,5120467,pendiente
MZ04,13,500174,pendiente
MZ04,13,5140002,pendiente
MZ04,13,7040302,pendiente
MZ04,13,7550798,pendiente
MZ04,13,7041105,pendiente
MZ04,13,7506225,pendiente
MZ04,13,7506212,pendiente
MZ04,13,7506840,pendiente
MZ04,13,7550806,pendiente
MZ04,13,1109002,pendiente
MZ04,13,3300209,pendiente
MZ04,13,501500,pendiente
MZ04,13,7501084,pendiente
MZ04,13,2392371,pendiente
MZ03,13,5170517,pendiente
MZ03,13,5120417,pendiente
MZ03,13,9111068,pendiente
MZ03,13,9112039,pendiente
MZ03,13,0420081,pendiente
MZ03,13,3352107,pendiente
MZ03,13,1195049,pendiente
MZ03,13,0012001,pendiente
MZ03,13,8002020,pendiente
MZ03,13,0010066,pendiente
MZ03,13,8002016,pendiente
MZ03,13,0010052,pendiente
MZ03,13,8706004,pendiente
MZ03,13,4020450,pendiente
MZ03,14,9111171,pendiente
MZ03,14,0011156,pendiente
MZ03,14,0490027,pendiente
MZ03,14,1700090,pendiente
MZ03,14,1700065,pendiente
MZ03,14,17093218,pendiente
MZ03,14,0709066,pendiente
MZ03,14,1101001,pendiente
MZ03,14,0709084,pendiente
MZ03,14,7001993,pendiente
MZ03,14,2330055,pendiente
MZ03,14,0200006,pendiente
MZ03,14,8002024,pendiente
MZ03,14,0420082,pendiente
MZ04,14,7502478,pendiente
MZ04,14,7506138,pendiente
MZ04,14,7502470,pendiente
MZ04,14,7506010,pendiente
MZ04,14,7506991,pendiente
MZ04,14,7506270,pendiente
MZ04,14,0460031,pendiente
MZ04,14,0570002,pendiente
MZ04,14,2320202,pendiente
MZ04,14,7501147,pendiente
MZ04,14,7501158,pendiente
MZ04,14,8705000,pendiente
MZ04,14,9200229,pendiente
MZ04,14,9200325,pendiente
MZ04,14,9200321,pendiente
MZ04,15,5502170,pendiente
MZ04,15,7550695,pendiente
MZ04,15,500142,pendiente
MZ04,15,7503055,pendiente
MZ04,15,7550082,pendiente
MZ04,15,5140032,pendiente
MZ04,15,5170022,pendiente
MZ04,15,7041539,pendiente
MZ04,15,7506830,pendiente
MZ04,15,7506438,pendiente
MZ04,15,7507216,pendiente
MZ04,15,7506027,pendiente
MZ04,15,7550804,pendiente
MZ04,15,2235005,pendiente
MZ03,15,4020210,pendiente
MZ03,15,6401024,pendiente
MZ03,15,7060240,pendiente
MZ03,15,7060107,pendiente
MZ03,15,5140601,pendiente
MZ03,15,5240416,pendiente
MZ03,15,5170525,pendiente
MZ03,15,5170505,pendiente
MZ03,15,5120535,pendiente
MZ03,15,5120510,pendiente
MZ03,15,5120459,pendiente
MZ03,15,8670001,pendiente
MZ03,15,5170029,pendiente
MZ03,15,3265001,pendiente
MZ03,16,5120530,pendiente
MZ04,16,7060120,pendiente
MZ04,17,2321038,pendiente
MZ04,17,0420111,pendiente
MZ04,17,9111093,pendiente
MZ04,17,0420122,pendiente
MZ04,17,0560017,pendiente
MZ04,17,0130026,pendiente
MZ04,17,92110152,pendiente
MZ04,17,0420087,pendiente
MZ04,17,9111412,pendiente
MZ04,17,0011153,pendiente
MZ04,17,2321044,pendiente
MZ04,17,1195029,pendiente
MZ04,17,0410016,pendiente
MZ04,17,8002019,pendiente
MZ04,17,0490009,pendiente
MZ04,17,0230052,pendiente
MZ03,17,2352013,pendiente
MZ03,17,2352032,pendiente
MZ03,17,9111284,pendiente
MZ03,17,9111197,pendiente
MZ03,17,9111504,pendiente
MZ03,17,0011170,pendiente
MZ03,17,9111433,pendiente
MZ03,17,0707028,pendiente
MZ03,17,10250001,pendiente
MZ03,17,9100084,pendiente
MZ03,17,0709092,pendiente
MZ03,17,5009034,pendiente
MZ03,18,9041818,pendiente
MZ03,18,6150032,pendiente
MZ03,18,2330441,pendiente
MZ03,18,2320201,pendiente
MZ03,18,7501149,pendiente
MZ03,18,7501935,pendiente
MZ03,18,8352922,pendiente
MZ03,18,1500505,pendiente
MZ03,18,2392331,pendiente
MZ03,18,2380001,pendiente
MZ03,18,9200230,pendiente
MZ03,18,9200326,pendiente
MZ03,18,9200227,pendiente
MZ03,18,9041006,pendiente
MZ04,18,7060109,pendiente
MZ04,18,7060112,pendiente
MZ04,18,7060213,pendiente
MZ04,18,5240407,pendiente
MZ04,18,5170404,pendiente
MZ04,18,6020410,pendiente
MZ04,18,5003462,pendiente
MZ04,18,500457,pendiente
MZ04,18,7503410,pendiente
MZ04,18,5170009,pendiente
MZ04,18,5180062,pendiente
MZ04,18,7506130,pendiente
MZ04,18,7506430,pendiente
MZ04,18,7502482,pendiente
MZ04,18,7062405,pendiente
MZ04,18,7506742,pendiente
MZ04,19,5120441,pendiente
MZ03,19,0050010,pendiente
MZ03,19,7060111,pendiente
MZ03,19,92110143,pendiente
MZ03,19,92110144,pendiente
MZ03,19,92110139,pendiente
MZ03,19,1195042,pendiente
MZ03,19,1195044,pendiente
MZ03,19,3352074,pendiente
MZ03,19,1205012,pendiente
MZ03,19,1205005,pendiente
MZ03,19,8002014,pendiente
MZ03,19,8002025,pendiente
MZ03,19,2321372,pendiente
MZ03,19,4020453,pendiente
MZ03,19,3070003,pendiente
MZ03,19,7060212,pendiente
MZ03,19,3003026,pendiente
MZ05,10,92110609,pendiente
MZ05,10,9130605,pendiente
MZ05,10,1700099,pendiente
MZ05,10,0709108,pendiente
MZ05,10,0707015,pendiente
MZ05,10,0707016,pendiente
MZ05,10,0707041,pendiente
MZ05,10,17093225,pendiente
MZ05,10,7002014,pendiente
MZ05,10,4020452,pendiente
MZ05,10,8002017,pendiente
MZ05,10,92110148,pendiente
MZ05,10,9111271,pendiente
MZ06,10,2392375,pendiente
MZ06,10,9200247,pendiente
MZ06,10,9200181,pendiente
MZ06,10,9200226,pendiente
MZ06,10,9200305,pendiente
MZ06,10,9200121,pendiente
MZ06,10,0572001,pendiente
MZ06,10,01754550,pendiente
MZ06,10,0522001,pendiente
MZ06,10,2392399,pendiente
MZ06,10,2352030,pendiente
MZ06,10,9111501,pendiente
MZ06,10,9111395,pendiente
MZ06,10,0011164,pendiente
MZ06,11,9041822,pendiente
MZ06,11,7506071,pendiente
MZ06,11,7507208,pendiente
MZ06,11,7506050,pendiente
MZ06,11,7506838,pendiente
MZ06,11,2321910,pendiente
MZ06,11,3300307,pendiente
MZ06,11,2320021,pendiente
MZ06,11,2392379,pendiente
MZ06,11,2392403,pendiente
MZ05,12,5240401,pendiente
MZ05,12,5120419,pendiente
MZ05,12,7041024,pendiente
MZ05,12,5502607,pendiente
MZ05,12,500157,pendiente
MZ05,12,500168,pendiente
MZ05,12,7501071,pendiente
MZ05,12,5240026,pendiente
MZ05,12,7550790,pendiente
MZ05,12,7171325,pendiente
MZ05,12,7506406,pendiente
MZ05,12,7550836,pendiente
MZ05,12,7506293,pendiente
MZ05,12,7506373,pendiente
MZ05,12,7506214,pendiente
MZ06,12,6401021,pendiente
MZ06,12,5170509,pendiente
MZ06,12,0420029,pendiente
MZ06,12,9111247,pendiente
MZ06,12,9111069,pendiente
MZ06,12,0560023,pendiente
MZ06,12,0130025,pendiente
MZ06,12,3352070,pendiente
MZ06,12,1205006,pendiente
MZ06,12,1205002,pendiente
MZ06,12,0998010,pendiente
MZ06,12,0380026,pendiente
MZ06,13,0011157,pendiente
MZ06,13,9111320,pendiente
MZ06,13,0585305,pendiente
MZ06,13,0709088,pendiente
MZ06,13,1190102,pendiente
MZ06,13,10250000,pendiente
MZ06,13,0709067,pendiente
MZ06,13,0709324,pendiente
MZ06,13,3352082,pendiente
MZ06,13,7002013,pendiente
MZ06,13,9130209,pendiente
MZ06,13,0420085,pendiente
MZ06,13,9111007,pendiente
MZ06,13,9111308,pendiente
MZ05,13,9200232,pendiente
MZ05,13,9200169,pendiente
MZ05,13,9041044,pendiente
MZ05,13,9200127,pendiente
MZ05,13,7550004,pendiente
MZ05,13,0174004,pendiente
MZ05,13,0120094,pendiente
MZ05,13,0524056,pendiente
MZ05,13,0524050,pendiente
MZ05,13,2392343,pendiente
MZ05,13,2352034,pendiente
MZ05,13,9913056,pendiente
MZ05,13,2321546,pendiente
MZ05,13,92110630,pendiente
MZ05,13,9111512,pendiente
MZ05,13,0011165,pendiente
MZ05,14,052440132,pendiente
MZ05,14,052450005,pendiente
MZ05,14,7501920,pendiente
MZ05,14,7501943,pendiente
MZ05,14,7501083,pendiente
MZ05,14,7501937,pendiente
MZ05,14,7501076,pendiente
MZ05,14,7501156,pendiente
MZ05,14,7551029,pendiente
MZ05,14,2392347,pendiente
MZ05,14,2392321,pendiente
MZ05,14,2392345,pendiente
MZ05,14,2392398,pendiente
MZ05,14,2352327,pendiente
MZ05,14,2392383,pendiente
MZ05,14,9200578,pendiente
MZ05,14,9200125,pendiente
MZ06,14,5240028,pendiente
MZ06,14,5240021,pendiente
MZ06,14,7550818,pendiente
MZ06,14,7507051,pendiente
MZ06,14,7506860,pendiente
MZ06,14,7506306,pendiente
MZ06,14,7550780,pendiente
MZ06,14,7502444,pendiente
MZ06,14,7506062,pendiente
MZ06,14,7502472,pendiente
MZ06,14,1109001,pendiente
MZ06,14,7062110,pendiente
MZ06,14,2320024,pendiente
MZ06,14,2320026,pendiente
MZ06,15,7060029,pendiente
MZ06,15,9203200,pendiente
MZ06,15,7060243,pendiente
MZ06,15,7060235,pendiente
MZ06,15,5180400,pendiente
MZ06,15,5240410,pendiente
MZ06,15,5170515,pendiente
MZ06,15,5180404,pendiente
MZ06,15,5120464,pendiente
MZ06,15,5120453,pendiente
MZ06,15,5120462,pendiente
MZ06,15,6010023,pendiente
MZ06,15,6032602,pendiente
MZ06,15,6020400,pendiente
MZ06,15,6104566,pendiente
MZ06,15,6100260,pendiente
MZ06,15,3525203,pendiente
MZ05,15,9111423,pendiente
MZ05,15,0380000,pendiente
MZ05,15,9111180,pendiente
MZ05,15,9130246,pendiente
MZ05,15,0611704,pendiente
MZ05,15,9112038,pendiente
MZ05,15,0420110,pendiente
MZ05,15,9111031,pendiente
MZ05,15,1195011,pendiente
MZ05,15,1205021,pendiente
MZ05,15,7040310,pendiente
MZ05,16,3256013,pendiente
MZ06,16,0420010,pendiente
MZ06,16,07013773,pendiente
MZ06,16,0709117,pendiente
MZ06,16,17093215,pendiente
MZ06,16,7002015,pendiente
MZ06,16,5009031,pendiente
MZ06,16,8705002,pendiente
MZ06,16,92110146,pendiente
MZ06,16,9130241,pendiente
MZ06,16,9130244,pendiente
MZ06,17,0506168,pendiente
MZ06,17,2392335,pendiente
MZ06,17,2392339,pendiente
MZ06,17,2392348,pendiente
MZ06,17,9111307,pendiente
MZ06,17,9111499,pendiente
MZ06,17,2321539,pendiente
MZ06,17,92110610,pendiente
MZ06,17,0010776,pendiente
MZ06,17,0610967,pendiente
MZ06,17,0490023,pendiente
MZ06,17,9211233,pendiente
MZ06,17,1700143,pendiente
MZ06,17,1700134,pendiente
MZ06,17,1700135,pendiente
MZ06,17,1700138,pendiente
MZ05,17,7551030,pendiente
MZ05,17,7551047,pendiente
MZ05,17,052440044,pendiente
MZ05,17,7501907,pendiente
MZ05,17,7001992,pendiente
MZ05,17,2352019,pendiente
MZ05,17,9200147,pendiente
MZ05,17,9200198,pendiente
MZ05,17,9200116,pendiente
MZ05,17,9200160,pendiente
MZ05,17,915742,pendiente
MZ05,18,2330410,pendiente
MZ05,18,6150017,pendiente
MZ05,18,6150020,pendiente
MZ05,18,4535017,pendiente
MZ05,18,2320408,pendiente
MZ05,18,2320120,pendiente
MZ05,18,2320204,pendiente
MZ05,18,052440112,pendiente
MZ05,18,052450001,pendiente
MZ05,18,7501124,pendiente
MZ05,18,7501200,pendiente
MZ05,18,052440162,pendiente
MZ05,18,7501712,pendiente
MZ06,18,5090101,pendiente
MZ06,18,7507210,pendiente
MZ06,18,7506828,pendiente
MZ06,18,7110200,pendiente
MZ06,18,7506854,pendiente
MZ06,18,7506386,pendiente
MZ06,18,7506433,pendiente
MZ06,18,7506284,pendiente
MZ06,18,7054531,pendiente
MZ06,19,6032006,pendiente
MZ06,19,7040013,pendiente
MZ06,19,6100261,pendiente
MZ06,19,5003460,pendiente
MZ06,19,6101519,pendiente
MZ06,19,500144,pendiente
MZ06,19,7500516,pendiente
MZ06,19,500497,pendiente
MZ06,19,5240032,pendiente
MZ06,19,7040313,pendiente
MZ06,19,5140028,pendiente
MZ05,19,6401017,pendiente
MZ05,19,0460100,pendiente
MZ05,19,6401105,pendiente
MZ05,19,6401029,pendiente
MZ05,19,5240406,pendiente
MZ05,19,3003003,pendiente
MZ05,19,5120447,pendiente
MZ05,19,5120458,pendiente
MZ05,19,5120444,pendiente
MZ01,1,0560004,pendiente
MZ01,1,92110147,pendiente
MZ01,1,9111008,pendiente
MZ01,1,9112036,pendiente
MZ01,1,9112030,pendiente
MZ01,1,3018005,pendiente
MZ01,1,1205011,pendiente
MZ01,1,1205023,pendiente
MZ01,1,3070002,pendiente
MZ01,1,7041020,pendiente
MZ01,1,7041029,pendiente
MZ02,1,1700103,pendiente
MZ02,1,0709010,pendiente
MZ02,1,9130248,pendiente
MZ02,1,0420032,pendiente
MZ02,1,2321033,pendiente
MZ02,1,9112040,pendiente
MZ02,1,2321030,pendiente
MZ02,1,92110150,pendiente
MZ02,1,9111328,pendiente
MZ02,1,9111599,pendiente
MZ02,1,9111078,pendiente
MZ02,1,2610017507,pendiente
MZ02,1,2610020209,pendiente
MZ02,1,0420088,pendiente
MZ02,2,2392330,pendiente
MZ02,2,2392338,pendiente
MZ02,2,2321875,pendiente
MZ02,2,9914062,pendiente
MZ02,2,9101569,pendiente
MZ02,2,92110200,pendiente
MZ02,2,92110578,pendiente
MZ02,2,0140738,pendiente
MZ02,2,0560006,pendiente
MZ02,2,9111422,pendiente
MZ02,2,1700124,pendiente
MZ02,2,1700093,pendiente
MZ02,2,1700082,pendiente
MZ02,2,1700123,pendiente
MZ01,2,9200154,pendiente
MZ01,2,9200139,pendiente
MZ01,2,0164003,pendiente
MZ01,2,1558003,pendiente
MZ01,2,0106010,pendiente
MZ01,2,1525014,pendiente
MZ01,2,0506124,pendiente
MZ01,2,0506020,pendiente
MZ01,3,2352326,pendiente
MZ01,3,2352329,pendiente
MZ01,3,2392352,pendiente
MZ01,3,2392391,pendiente
MZ01,3,9200192,pendiente
MZ01,3,9200225,pendiente
MZ01,3,9200120,pendiente
MZ01,3,9200279,pendiente
MZ01,3,9200199,pendiente
MZ01,3,9200187,pendiente
MZ01,3,9200182,pendiente
MZ01,3,7550002,pendiente
MZ02,3,2320020,pendiente
MZ02,3,7501153,pendiente
MZ02,3,7501915,pendiente
MZ02,3,7551021,pendiente
MZ02,3,052450011,pendiente
MZ02,3,7501094,pendiente
MZ02,3,052440130,pendiente
MZ02,3,7551025,pendiente
MZ02,3,7551064,pendiente
MZ02,3,7551053,pendiente
MZ02,3,7501081,pendiente
MZ02,3,1109033,pendiente
MZ02,3,2352328,pendiente
MZ02,3,2392390,pendiente
MZ02,4,7550800,pendiente
MZ02,4,7507106,pendiente
MZ02,4,7550720,pendiente
MZ02,4,7550820,pendiente
MZ02,4,7506316,pendiente
MZ02,4,7507202,pendiente
MZ02,4,7506429,pendiente
MZ02,4,7507030,pendiente
MZ02,4,0570008,pendiente
MZ02,4,3300306,pendiente
MZ01,4,5502159,pendiente
MZ01,4,7040015,pendiente
MZ01,4,3525061,pendiente
MZ01,4,500302,pendiente
MZ01,4,501429,pendiente
MZ01,4,500410,pendiente
MZ01,4,3018010,pendiente
MZ01,4,5140029,pendiente
MZ01,4,5180007,pendiente
MZ01,4,7040300,pendiente
MZ01,4,7040307,pendiente
MZ01,4,5035001,pendiente
MZ01,4,5203112,pendiente
MZ01,4,5140003,pendiente
MZ01,5,6010025,pendiente
MZ01,5,4020221,pendiente
MZ01,5,0230001,pendiente
MZ01,5,7060121,pendiente
MZ01,5,7060200,pendiente
MZ01,5,7550970,pendiente
MZ01,5,7060228,pendiente
MZ01,5,5170510,pendiente
MZ01,5,5240417,pendiente
MZ01,5,5140603,pendiente
MZ01,5,3003023,pendiente
MZ01,5,3003074,pendiente
MZ01,5,5120416,pendiente
MZ01,5,5120415,pendiente
MZ01,5,3033011,pendiente
MZ02,5,6401022,pendiente
MZ02,5,6401020,pendiente
MZ02,5,6401019,pendiente
MZ02,5,9112037,pendiente
MZ02,5,9111111,pendiente
MZ02,5,1205026,pendiente
MZ02,5,0460143,pendiente
MZ02,5,7060201,pendiente
MZ02,5,3003005,pendiente
MZ02,5,7040006,pendiente
MZ02,5,7040312,pendiente
MZ02,5,15005003,pendiente
MZ02,5,9913008,pendiente
MZ02,6,2321060,pendiente
MZ02,6,9130250,pendiente
MZ02,6,0420109,pendiente
MZ02,6,9111248,pendiente
MZ02,6,92110652,pendiente
MZ02,6,2321034,pendiente
MZ02,6,0420038,pendiente
MZ02,6,0611700,pendiente
MZ01,6,0560008,pendiente
MZ01,6,91307023,pendiente
MZ01,6,0140741,pendiente
MZ01,6,0006002,pendiente
MZ01,6,2321544,pendiente
MZ01,6,1700127,pendiente
MZ01,6,1700081,pendiente
MZ01,6,1700084,pendiente
MZ01,6,0130006,pendiente
MZ01,6,0610037,pendiente
MZ01,6,0709090,pendiente
MZ01,6,0707027,pendiente
MZ01,6,5009033,pendiente
MZ01,7,9111514,pendiente
MZ01,7,92110191,pendiente
MZ01,7,92110607,pendiente
MZ01,7,9112025,pendiente
MZ01,7,92110185,pendiente
MZ01,7,92110687,pendiente
MZ01,7,9130262,pendiente
MZ01,7,9111198,pendiente
MZ01,7,2321540,pendiente
MZ01,7,9111005,pendiente
MZ01,7,2321876,pendiente
MZ02,7,9180138,pendiente
MZ02,7,0134005,pendiente
MZ02,7,9180114,pendiente
MZ02,7,0114015,pendiente
MZ02,7,0506021,pendiente
MZ02,7,0120025,pendiente
MZ02,7,9180151,pendiente
MZ02,7,0506017,pendiente
MZ02,7,0540507,pendiente
MZ02,7,0140039,pendiente
MZ02,7,2392340,pendiente
MZ02,8,92110227,pendiente
MZ02,8,0130002,pendiente
MZ02,8,0506179,pendiente
MZ02,8,0506026,pendiente
MZ02,8,0524057,pendiente
MZ02,8,76174060553,pendiente
MZ02,8,0132004,pendiente
MZ02,8,0524042,pendiente
MZ01,8,2392325,pendiente
MZ01,8,2352018,pendiente
MZ01,8,2352011,pendiente
MZ01,8,2392332,pendiente
MZ01,8,9200197,pendiente
MZ01,8,9200238,pendiente
MZ01,8,9200201,pendiente
MZ01,8,9200245,pendiente
MZ01,8,9200195,pendiente
MZ01,8,9200178,pendiente
MZ01,8,915743,pendiente
MZ01,8,9200162,pendiente
MZ01,9,7550361,pendiente
MZ01,9,7062502,pendiente
MZ01,9,7501777,pendiente
MZ01,9,7550482,pendiente
MZ01,9,52440492,pendiente
MZ01,9,052440116,pendiente
MZ01,9,7551035,pendiente
MZ01,9,7550379,pendiente
MZ01,9,7501074,pendiente
MZ01,9,501537,pendiente
MZ01,9,052440047,pendiente
MZ01,9,7551036,pendiente
MZ01,9,7550356,pendiente
MZ01,9,1601016,pendiente
MZ01,9,7002018,pendiente
MZ01,9,901018,pendiente
MZ01,9,2392351,pendiente
MZ01,9,2352014,pendiente
MZ01,9,2392374,pendiente
MZ02,9,2320122,pendiente
MZ02,9,2320208,pendiente
MZ02,9,2320164,pendiente
MZ02,9,2320209,pendiente
MZ02,9,052450003,pendiente
MZ02,9,052440134,pendiente
MZ02,9,052440169,pendiente
MZ02,9,7501749,pendiente
MZ02,9,7501157,pendiente
MZ02,9,2390021,pendiente
MZ02,9,7501692,pendiente
MZ02,9,7507005,pendiente
MZ02,9,052440150,pendiente
MZ02,9,7550618,pendiente
MZ02,9,052440164,pendiente
MZ03,1,7506880,pendiente
MZ03,1,7506816,pendiente
MZ03,1,7507050,pendiente
MZ03,1,7506824,pendiente
MZ03,1,7550835,pendiente
MZ03,1,7507055,pendiente
MZ03,1,5700306,pendiente
MZ03,1,961918,pendiente
MZ03,1,2385091,pendiente
MZ03,1,2321900,pendiente
MZ04,1,7506103,pendiente
MZ04,1,7506222,pendiente
MZ04,1,7506268,pendiente
MZ04,1,7506890,pendiente
MZ04,1,7506634,pendiente
MZ04,1,7507042,pendiente
MZ04,2,61001811,pendiente
MZ04,2,7503602,pendiente
MZ04,2,7507262,pendiente
MZ04,2,7500518,pendiente
MZ04,2,7500513,pendiente
MZ04,2,7500520,pendiente
MZ04,2,7503131,pendiente
MZ04,2,7502452,pendiente
MZ04,2,7507247,pendiente
MZ03,2,5120414,pendiente
MZ03,2,5170407,pendiente
MZ03,2,5120454,pendiente
MZ03,2,6032600,pendiente
MZ03,2,5500154,pendiente
MZ03,2,61001651,pendiente
MZ03,2,6101047,pendiente
MZ03,3,0460101,pendiente
MZ03,3,0420201,pendiente
MZ03,3,7060005,pendiente
MZ03,3,7060057,pendiente
MZ03,3,7060110,pendiente
MZ03,3,7060117,pendiente
MZ03,3,7060221,pendiente
MZ03,3,7060207,pendiente
MZ03,3,7060227,pendiente
MZ03,3,5240412,pendiente
MZ03,3,5240411,pendiente
MZ03,3,5170518,pendiente
MZ03,3,5240419,pendiente
MZ03,3,5170516,pendiente
MZ03,3,5170521,pendiente
MZ03,12,8002013,recolectado
MZ09,1,5502180,pendiente
MZ03,5,7551089,pendiente
MZ04,3,6401003,pendiente
MZ04,3,2330014,pendiente
MZ04,3,3080005,pendiente
MZ04,3,0560100,pendiente
MZ04,3,3256014,pendiente
MZ04,3,2390012,pendiente
MZ04,3,3270302,pendiente
MZ04,3,1500508,pendiente
MZ04,3,7041030,pendiente
MZ04,3,1515037,pendiente
MZ04,3,7041027,pendiente
MZ04,3,2320004,pendiente
MZ03,4,9111199,pendiente
MZ03,4,1205017,pendiente
MZ03,4,5010019,pendiente
MZ03,4,1205034,pendiente
MZ03,4,0998007,pendiente
MZ03,4,2390017,pendiente
MZ03,4,2390010,pendiente
MZ04,5,0998006,pendiente
MZ04,6,92110224,pendiente
MZ04,6,1700070,pendiente
MZ04,6,1700101,pendiente
MZ04,6,1700136,pendiente
MZ04,6,1700097,pendiente
MZ04,6,1700092,pendiente
MZ04,6,9180020,pendiente
MZ04,6,0709011,pendiente
MZ04,6,0200100,pendiente
MZ04,6,17093221,pendiente
MZ04,6,9700000,pendiente
MZ04,6,9700002,pendiente
MZ04,6,9130238,pendiente
MZ04,6,2610020210,pendiente
MZ04,6,0420030,pendiente
MZ03,6,5121198,pendiente
MZ03,6,0610013,pendiente
MZ03,6,5120544,pendiente
MZ03,7,92110612,pendiente
MZ03,7,9111491,pendiente
MZ03,7,92110637,pendiente
MZ03,7,9111603,pendiente
MZ03,7,9130279,pendiente
MZ03,7,0010009,pendiente
MZ03,7,9111138,pendiente
MZ03,7,080596005009,pendiente
MZ03,7,080596028688,pendiente
MZ03,7,9111168,pendiente
MZ03,7,5120542,pendiente
MZ04,7,0524540,pendiente
MZ04,7,0540506,pendiente
MZ04,7,0526232,pendiente
MZ04,7,0126045,pendiente
MZ04,7,0006001,pendiente
MZ04,7,92110201,pendiente
MZ03,5,0420044,recolectado
MZ03,5,9111489,recolectado
MZ03,5,9112033,descartado
MZ04,7,92110196,pendiente
MZ04,7,2321010,pendiente
MZ04,7,9130278,pendiente
MZ04,7,9111530,pendiente
MZ04,7,92110613,pendiente
MZ04,7,2608605070,pendiente
MZ04,8,9180109,pendiente
MZ04,8,0524087,pendiente
MZ04,8,0526360,pendiente
MZ04,8,0506233,pendiente
MZ04,8,0524054,pendiente
MZ04,8,0120018,pendiente
MZ04,8,0540034,pendiente
MZ04,8,0524117,pendiente
MZ04,8,0506125,pendiente
MZ03,8,9180018,pendiente
MZ03,8,0524301,pendiente
MZ03,8,0540117,pendiente
MZ03,8,0540075,pendiente
MZ03,8,0540061,pendiente
MZ03,8,0106006,pendiente
MZ03,8,0540348,pendiente
MZ03,8,0186022,pendiente
MZ03,8,0132000,pendiente
MZ03,8,0118080,pendiente
MZ03,8,0524018,pendiente
MZ03,8,0011155,pendiente
MZ03,8,6020626,pendiente
MZ03,8,0524724,pendiente
MZ03,9,9200262,pendiente
MZ03,9,9200196,pendiente
MZ03,9,9200161,pendiente
MZ03,9,9041029,pendiente
MZ03,9,9200246,pendiente
MZ03,9,9200248,pendiente
MZ03,9,9041901,pendiente
MZ03,9,9200180,pendiente
MZ03,9,0540077,pendiente
MZ03,9,0132001,pendiente
MZ04,9,052440115,pendiente
MZ04,9,2392369,pendiente
MZ04,9,2392386,pendiente
MZ04,9,9200374,pendiente
MZ04,9,9200556,pendiente
MZ04,9,9200587,pendiente
MZ05,1,7500694,pendiente
MZ05,1,7500696,pendiente
MZ05,1,052440099,pendiente
MZ05,1,7551026,pendiente
MZ05,1,7502203,pendiente
MZ05,1,52440486,pendiente
MZ05,1,7501072,pendiente
MZ05,1,501557,pendiente
MZ05,1,501541,pendiente
MZ05,1,052440151,pendiente
MZ06,1,7551013,pendiente
MZ06,1,52440450,pendiente
MZ06,1,052440139,pendiente
MZ06,1,052450014,pendiente
MZ06,1,7500697,pendiente
MZ06,1,052440153,pendiente
MZ06,1,7551049,pendiente
MZ06,1,052440211,pendiente
MZ06,1,501511,pendiente
MZ06,1,7551057,pendiente
MZ06,1,7551058,pendiente
MZ06,2,7500640,pendiente
MZ06,2,052440113,pendiente
MZ06,2,7501675,pendiente
MZ06,2,7551033,pendiente
MZ05,2,52440433,pendiente
MZ05,2,52440432,pendiente
MZ05,2,052440023,pendiente
MZ05,2,7501136,pendiente
MZ05,2,052440137,pendiente
MZ05,2,052440133,pendiente
MZ05,2,052440045,pendiente
MZ05,2,7500647,pendiente
MZ05,2,7062500,pendiente
MZ05,2,052440135,pendiente
MZ05,2,052440098,pendiente
MZ05,2,7501154,pendiente
MZ05,3,2320186,pendiente
MZ05,3,052450017,pendiente
MZ05,3,7501948,pendiente
MZ05,3,052440146,pendiente
MZ05,3,052440136,pendiente
MZ05,3,052440145,pendiente
MZ05,3,052440128,pendiente
MZ05,3,7501922,pendiente
MZ05,3,52440439,pendiente
MZ05,3,7501612,pendiente
MZ05,3,052440171,pendiente
MZ05,3,7551040,pendiente
MZ05,3,7501934,pendiente
MZ05,3,7501753,pendiente
MZ05,3,7501696,pendiente
MZ05,3,052440166,pendiente
MZ06,3,961944,pendiente
MZ06,3,961942,pendiente
MZ06,3,961947,pendiente
MZ06,3,2330408,pendiente
MZ06,3,GA016703AV,pendiente
MZ06,3,8671021,pendiente
MZ06,3,8707104,pendiente
MZ06,3,035940006,pendiente
MZ06,3,2330409,pendiente
MZ06,3,2320028,pendiente
MZ06,3,2320205,pendiente
MZ05,4,7506426,pendiente
MZ05,4,7506938,pendiente
MZ05,4,7506926,pendiente
MZ05,4,7506582,pendiente
MZ05,4,7506856,pendiente
MZ05,5,7550816,pendiente
MZ05,5,7506770,pendiente
MZ05,5,7550810,pendiente
MZ05,5,7507028,pendiente
MZ05,5,7506920,pendiente
MZ05,5,7025208,pendiente
MZ05,5,7506738,pendiente
MZ06,5,7500535,pendiente
MZ06,5,7500517,pendiente
MZ06,5,7500533,pendiente
MZ06,5,7500519,pendiente
MZ06,5,7500530,pendiente
MZ06,5,7500531,pendiente
MZ06,5,7503067,pendiente
MZ06,5,500150,pendiente
MZ06,5,7041947,pendiente
MZ06,5,7040306,pendiente
MZ06,5,ECAM001,pendiente
MZ06,5,13049,pendiente
MZ06,5,7041505,pendiente
MZ06,5,5203111,pendiente
MZ06,6,5120439,pendiente
MZ06,6,5120413,pendiente
MZ06,6,5120440,pendiente
MZ06,6,6036804,pendiente
MZ06,6,6020454,pendiente
MZ06,6,7550655,pendiente
MZ06,6,7550658,pendiente
MZ06,6,7550642,pendiente
MZ06,6,5502189,pendiente
MZ06,6,5120603,pendiente
MZ06,6,500193,pendiente
MZ06,6,500304,pendiente
MZ06,6,7550811,pendiente
MZ06,6,500145,pendiente
MZ06,6,7500528,pendiente
MZ05,7,7060229,pendiente
MZ05,7,7060222,pendiente
MZ05,7,5140604,pendiente
MZ05,7,5240402,pendiente
MZ05,7,5240409,pendiente
MZ05,7,5120533,pendiente
MZ05,7,3003017,pendiente
MZ05,7,5120539,pendiente
MZ05,7,5120443,pendiente
MZ05,7,5120407,pendiente
MZ06,8,2505023575,pendiente
MZ06,8,0560101,pendiente
MZ06,8,3349010,pendiente
MZ06,8,0050002,pendiente
MZ06,8,7060022,pendiente
MZ06,8,7060051,pendiente
MZ06,8,7060030,pendiente
MZ06,8,7550911,pendiente
MZ06,8,7060246,pendiente
MZ06,8,7060123,pendiente
MZ06,8,7060108,pendiente
MZ03,5,9111126,recolectado
MZ03,5,0420123,descartado
MZ03,5,0420080,descartado